student_id,student_name,class,top1_subject,top1_score,top2_subject,top2_score,suggested_combinations
39336821,Kiều Anh,10A1,chemistry,0.6879018939040461,informatics,0.6780734924178489,"X10 (Toán, Hóa, Tin học): 23.67 | C02 (Văn, Toán, Hóa): 22.80 | X02 (Toán, Văn, Tin học): 22.77"
35584806,Nguyễn Kim Anh,10A1,chemistry,0.6670196586576602,informatics,0.6595810648592131,"X10 (Toán, Hóa, Tin học): 23.47 | C02 (Văn, Toán, Hóa): 22.93 | X02 (Toán, Văn, Tin học): 22.60"
39336862,Nguyễn Thị Ngọc Ánh,10A1,biology,0.6406728991149389,english,0.6392100843677146,"B03 (Toán, Sinh, Văn): 22.10 | D13 (Văn, Sinh, Anh): 21.93 | D01 (Toán, Văn, Anh): 20.13 | B08 (Toán, Sinh, Anh): 19.83"
35092491,Nguyễn Anh Duy,10A1,chemistry,0.6638527506999155,informatics,0.6498635216572881,"X10 (Toán, Hóa, Tin học): 23.60 | C02 (Văn, Toán, Hóa): 23.27 | X02 (Toán, Văn, Tin học): 23.20"
35584811,Phạm Khánh Duy,10A1,informatics,0.6379217835054443,chemistry,0.6243166689620268,"X02 (Toán, Văn, Tin học): 22.47 | X10 (Toán, Hóa, Tin học): 21.53 | C02 (Văn, Toán, Hóa): 21.33"
39336906,Dương Đức Dũng,10A1,informatics,0.6452686507578298,chemistry,0.613445540335373,"X02 (Toán, Văn, Tin học): 21.53 | C02 (Văn, Toán, Hóa): 20.67 | X10 (Toán, Hóa, Tin học): 20.60"
40133090,Hoàng Mạnh Dũng,10A1,chemistry,0.6776524151767244,informatics,0.6366533563222627,"X02 (Toán, Văn, Tin học): 22.70 | C02 (Văn, Toán, Hóa): 22.67 | X10 (Toán, Hóa, Tin học): 22.63"
39336867,Nguyễn Văn Dũng,10A1,informatics,0.6461131439976534,chemistry,0.6461131439976534,"X10 (Toán, Hóa, Tin học): 22.53 | C02 (Văn, Toán, Hóa): 22.27 | X02 (Toán, Văn, Tin học): 22.20"
48423099,Phạm Anh Dũng,10A1,informatics,0.6531182331321053,physics,0.628895907146734,"X02 (Toán, Văn, Tin học): 22.13 | X06 (Toán, Lý, Tin học): 21.73 | C01 (Văn, Toán, Lý): 21.10"
35584876,Nguyễn Thế Dương,10A1,chemistry,0.6820542621094681,physics,0.6553756417646763,"A00 (Toán, Lý, Hóa): 22.90 | C02 (Văn, Toán, Hóa): 22.73 | C01 (Văn, Toán, Lý): 22.10"
39336754,Dương Tiến Đạt,10A1,informatics,0.6554596183259267,chemistry,0.6271303098120153,"X02 (Toán, Văn, Tin học): 21.43 | X10 (Toán, Hóa, Tin học): 21.37 | C02 (Văn, Toán, Hóa): 21.03"
39559363,Quảng Phương Đông,10A1,chemistry,0.7295534024721747,physics,0.702915393475942,"A00 (Toán, Lý, Hóa): 26.83 | C02 (Văn, Toán, Hóa): 26.40 | C01 (Văn, Toán, Lý): 25.37"
35092267,Lê Nguyễn Anh Đức,10A1,informatics,0.6777175021339199,physics,0.6666677233347296,"X06 (Toán, Lý, Tin học): 23.47 | C01 (Văn, Toán, Lý): 23.03 | X02 (Toán, Văn, Tin học): 23.03"
39559321,Lê Tiến Đức,10A1,informatics,0.6512485705471589,chemistry,0.6303001839724077,"X10 (Toán, Hóa, Tin học): 21.53 | X02 (Toán, Văn, Tin học): 21.50 | C02 (Văn, Toán, Hóa): 20.77"
39336952,Nguyễn Đăng Đức,10A1,chemistry,0.6990387331633428,physics,0.6705063362046888,"A00 (Toán, Lý, Hóa): 24.93 | C02 (Văn, Toán, Hóa): 24.20 | C01 (Văn, Toán, Lý): 24.13"
39336707,Lưu Văn Hai,10A1,informatics,0.6832608811404088,physics,0.6700625189294253,"X02 (Toán, Văn, Tin học): 23.43 | X06 (Toán, Lý, Tin học): 22.67 | C01 (Văn, Toán, Lý): 22.23"
39366692,Lê Huy Hào,10A1,informatics,0.6751466975706197,physics,0.6394533835901726,"X06 (Toán, Lý, Tin học): 21.23 | X02 (Toán, Văn, Tin học): 21.07 | C01 (Văn, Toán, Lý): 20.67"
39336836,Nguyễn Trung Hiếu,10A1,informatics,0.679250793267751,physics,0.6489575725114484,"X02 (Toán, Văn, Tin học): 24.23 | C01 (Văn, Toán, Lý): 23.53 | X06 (Toán, Lý, Tin học): 23.43"
39336875,Nguyễn Minh Huy,10A1,chemistry,0.7238569970267661,physics,0.6877898276066806,"A00 (Toán, Lý, Hóa): 25.67 | C02 (Văn, Toán, Hóa): 25.27 | C01 (Văn, Toán, Lý): 23.87"
39336733,Nguyễn Văn Huy,10A1,chemistry,0.6866404403968852,physics,0.6544908493884294,"C02 (Văn, Toán, Hóa): 23.53 | A00 (Toán, Lý, Hóa): 23.40 | C01 (Văn, Toán, Lý): 22.47"
48423104,Nguyễn Văn Hưng,10A1,chemistry,0.7181779053658528,physics,0.6945073681955062,"C02 (Văn, Toán, Hóa): 24.63 | A00 (Toán, Lý, Hóa): 24.57 | C01 (Văn, Toán, Lý): 23.47"
35092414,Nguyễn Thế Khang,10A1,informatics,0.6822628828484816,chemistry,0.6559582072008442,"X10 (Toán, Hóa, Tin học): 22.83 | C02 (Văn, Toán, Hóa): 22.57 | X02 (Toán, Văn, Tin học): 22.37"
39336712,Lưu Quốc Khánh,10A1,chemistry,0.7130127536563824,physics,0.6794062454170188,"C02 (Văn, Toán, Hóa): 25.43 | A00 (Toán, Lý, Hóa): 25.20 | C01 (Văn, Toán, Lý): 23.53"
39366712,Trần Đình Khánh,10A1,informatics,0.6339364302225686,chemistry,0.6298298433645643,"X02 (Toán, Văn, Tin học): 22.47 | X10 (Toán, Hóa, Tin học): 22.23 | C02 (Văn, Toán, Hóa): 21.80"
48423107,Phạm Anh Khôi,10A1,chemistry,0.6981124952202927,physics,0.6804397282360595,"A00 (Toán, Lý, Hóa): 25.07 | C01 (Văn, Toán, Lý): 24.93 | C02 (Văn, Toán, Hóa): 24.37"
39336968,Nguyễn Văn Kiên,10A1,informatics,0.6749040870544345,physics,0.6423462087762546,"X02 (Toán, Văn, Tin học): 23.83 | X06 (Toán, Lý, Tin học): 23.37 | C01 (Văn, Toán, Lý): 22.17"
35584825,Nguyễn Đức Long,10A1,informatics,0.6457102923210828,chemistry,0.6307508228970231,"X02 (Toán, Văn, Tin học): 21.83 | X10 (Toán, Hóa, Tin học): 21.40 | C02 (Văn, Toán, Hóa): 21.07"
38984754,Nguyễn Thị Hà Ly,10A1,informatics,0.6737155495083931,geography,0.6466844212154939,"X02 (Toán, Văn, Tin học): 24.47 | C04 (Văn, Toán, Địa): 24.43 | X22 (Toán, Địa, Tin học): 24.20"
48423112,Nguyễn Văn Ngà,10A1,chemistry,0.6748971010410141,physics,0.6659408457033791,"C02 (Văn, Toán, Hóa): 23.47 | A00 (Toán, Lý, Hóa): 23.33 | C01 (Văn, Toán, Lý): 23.20"
35092321,Lê Hồng Ngọc,10A1,informatics,0.6043806325501134,chemistry,0.6043806325501134,"X02 (Toán, Văn, Tin học): 22.40 | C02 (Văn, Toán, Hóa): 21.43 | X10 (Toán, Hóa, Tin học): 21.37"
39336791,Lưu Thị Hồng Ngọc,10A1,informatics,0.6352697443326122,chemistry,0.6352697443326122,"X02 (Toán, Văn, Tin học): 22.33 | C02 (Văn, Toán, Hóa): 21.87 | X10 (Toán, Hóa, Tin học): 21.80"
39336883,Đỗ Long Nhật,10A1,informatics,0.665168875233034,physics,0.6497736902646999,"X02 (Toán, Văn, Tin học): 22.27 | X06 (Toán, Lý, Tin học): 21.93 | C01 (Văn, Toán, Lý): 21.60"
39336926,Nguyễn Đăng Long Nhật,10A1,informatics,0.7165340126507806,physics,0.68761974805124,"X06 (Toán, Lý, Tin học): 25.27 | X02 (Toán, Văn, Tin học): 24.70 | C01 (Văn, Toán, Lý): 24.40"
39366749,Lương Thu Phương,10A1,informatics,0.6288379151778373,chemistry,0.6288379151778373,"X02 (Toán, Văn, Tin học): 21.60 | C02 (Văn, Toán, Hóa): 21.47 | X10 (Toán, Hóa, Tin học): 21.33"
40710647,Nguyễn Văn Thảo,10A1,chemistry,0.6849639721744427,physics,0.6790170104519515,"A00 (Toán, Lý, Hóa): 24.50 | C01 (Văn, Toán, Lý): 24.27 | C02 (Văn, Toán, Hóa): 23.80"
39336891,Nguyễn Văn Tiến,10A1,informatics,0.6617103877650193,biology,0.6617103877650193,"X02 (Toán, Văn, Tin học): 23.23 | X14 (Toán, Sinh, Tin học): 23.23 | B03 (Toán, Sinh, Văn): 22.80"
48423117,Trần Quyết Tiến,10A1,informatics,0.6859015931701038,physics,0.6724214804844135,"X02 (Toán, Văn, Tin học): 23.73 | X06 (Toán, Lý, Tin học): 23.63 | C01 (Văn, Toán, Lý): 23.27"
39336892,Vũ Như Tiến,10A1,informatics,0.6677956642107352,physics,0.6640520753628365,"X06 (Toán, Lý, Tin học): 23.33 | X02 (Toán, Văn, Tin học): 23.10 | C01 (Văn, Toán, Lý): 22.77"
39336731,Nguyễn Xuân Trường,10A1,informatics,0.7002406212117128,physics,0.6729614601192431,"X06 (Toán, Lý, Tin học): 23.67 | X02 (Toán, Văn, Tin học): 23.63 | C01 (Văn, Toán, Lý): 23.07"
39336732,Nguyễn Duy Vương,10A1,informatics,0.6686135789945769,physics,0.6635749165303207,"X02 (Toán, Văn, Tin học): 23.90 | X06 (Toán, Lý, Tin học): 23.73 | C01 (Văn, Toán, Lý): 23.40"
35092432,Đường Vũ Thuận An,10A2,informatics,0.6512846534368726,chemistry,0.6163768187206192,"X02 (Toán, Văn, Tin học): 22.63 | C02 (Văn, Toán, Hóa): 21.70 | X10 (Toán, Hóa, Tin học): 21.70"
35092283,Chu Văn Kỳ Anh,10A2,english,0.6640804226249931,informatics,0.6330368101899336,"X02 (Toán, Văn, Tin học): 24.10 | D01 (Toán, Văn, Anh): 24.07 | X26 (Toán, Anh, Tin học): 23.70"
35092279,Nguyễn Thùy Anh,10A2,english,0.6940401717489543,biology,0.6659622746223164,"D13 (Văn, Sinh, Anh): 25.77 | D01 (Toán, Văn, Anh): 25.33 | B03 (Toán, Sinh, Văn): 25.30 | B08 (Toán, Sinh, Anh): 25.00"
39213447,Tạ Phương Anh,10A2,english,0.6686848848157719,biology,0.6289014410259578,"D13 (Văn, Sinh, Anh): 23.40 | B08 (Toán, Sinh, Anh): 22.37 | D08 (Toán, Sinh, Anh): 22.37 | D01 (Toán, Văn, Anh): 21.23"
35092440,Trần Phương Anh,10A2,english,0.6873987461864747,biology,0.6324388211230025,"D13 (Văn, Sinh, Anh): 24.70 | B08 (Toán, Sinh, Anh): 23.67 | D08 (Toán, Sinh, Anh): 23.67 | D01 (Toán, Văn, Anh): 23.03"
48423093,Nguyễn Thị Ngọc Ánh,10A2,english,0.7013931676366781,biology,0.6605948369578096,"D13 (Văn, Sinh, Anh): 24.87 | B08 (Toán, Sinh, Anh): 23.13 | D08 (Toán, Sinh, Anh): 23.13 | B03 (Toán, Sinh, Văn): 23.03"
38904509,Nguyễn Bảo  Châm,10A2,english,0.6772249977460034,biology,0.6520203740202176,"D13 (Văn, Sinh, Anh): 24.20 | B08 (Toán, Sinh, Anh): 22.53 | D08 (Toán, Sinh, Anh): 22.53 | B03 (Toán, Sinh, Văn): 21.80"
48423096,Nguyễn Hoàng Ngọc Châu,10A2,english,0.6966934645325682,biology,0.6529776502193091,"D13 (Văn, Sinh, Anh): 23.40 | B03 (Toán, Sinh, Văn): 22.27 | D01 (Toán, Văn, Anh): 22.27 | B08 (Toán, Sinh, Anh): 22.17"
39336700,Lưu Thị Diệu Chi,10A2,english,0.6798622472977682,biology,0.6296932919087417,"D13 (Văn, Sinh, Anh): 23.57 | B08 (Toán, Sinh, Anh): 22.80 | D08 (Toán, Sinh, Anh): 22.80 | B03 (Toán, Sinh, Văn): 22.53"
47025003,Vũ Mạnh Cường,10A2,english,0.6900742844212957,biology,0.6505489944995415,"D13 (Văn, Sinh, Anh): 24.70 | D01 (Toán, Văn, Anh): 24.60 | B08 (Toán, Sinh, Anh): 24.53 | D08 (Toán, Sinh, Anh): 24.53"
39336946,Nguyễn Thị Phương Dung,10A2,english,0.6788002992847033,biology,0.6386515059802884,"D01 (Toán, Văn, Anh): 25.13 | D13 (Văn, Sinh, Anh): 25.03 | B03 (Toán, Sinh, Văn): 24.73 | B08 (Toán, Sinh, Anh): 24.70"
39336752,Nguyễn Tùng Dương,10A2,english,0.684416856006871,biology,0.6491940972212138,"D13 (Văn, Sinh, Anh): 24.67 | D01 (Toán, Văn, Anh): 24.63 | B03 (Toán, Sinh, Văn): 24.60 | B08 (Toán, Sinh, Anh): 24.60"
39559323,Ngô Long Giang,10A2,biology,0.6767422316580871,informatics,0.6566564341988547,"B03 (Toán, Sinh, Văn): 25.67 | X02 (Toán, Văn, Tin học): 25.20 | X14 (Toán, Sinh, Tin học): 24.90"
39366689,Trần Văn Giang,10A2,english,0.6707851690153915,biology,0.6511800619732178,"D13 (Văn, Sinh, Anh): 24.93 | B03 (Toán, Sinh, Văn): 24.67 | D01 (Toán, Văn, Anh): 24.67 | B08 (Toán, Sinh, Anh): 24.43"
48424269,Đỗ Hoàng Hảo,10A2,english,0.6773160258717041,biology,0.626134626973663,"D13 (Văn, Sinh, Anh): 24.30 | B08 (Toán, Sinh, Anh): 23.07 | D08 (Toán, Sinh, Anh): 23.07 | B03 (Toán, Sinh, Văn): 22.57"
39336964,Lưu Thị Khánh Huyền,10A2,english,0.6509802807961043,biology,0.6089233256084594,"D13 (Văn, Sinh, Anh): 22.77 | B08 (Toán, Sinh, Anh): 21.47 | D08 (Toán, Sinh, Anh): 21.47 | D01 (Toán, Văn, Anh): 20.60"
48422722,Nguyễn Khánh Huyền,10A2,english,0.6954240446166929,biology,0.6517791254333775,"D13 (Văn, Sinh, Anh): 23.80 | B08 (Toán, Sinh, Anh): 22.50 | D08 (Toán, Sinh, Anh): 22.50 | D01 (Toán, Văn, Anh): 21.70"
39061703,Nguyễn Thanh Huyền,10A2,english,0.6884339626630288,biology,0.6476183531331167,"D13 (Văn, Sinh, Anh): 23.73 | B08 (Toán, Sinh, Anh): 21.93 | D08 (Toán, Sinh, Anh): 21.93 | B03 (Toán, Sinh, Văn): 21.53"
39366709,Nguyễn Thị Khánh Huyền,10A2,english,0.7097872170595935,biology,0.6616049963012811,"D13 (Văn, Sinh, Anh): 24.57 | B08 (Toán, Sinh, Anh): 24.23 | D08 (Toán, Sinh, Anh): 24.23 | D01 (Toán, Văn, Anh): 23.77"
48423106,Nguyễn Duy Khánh,10A2,english,0.6769190094237685,biology,0.6451652610621562,"D13 (Văn, Sinh, Anh): 24.83 | D01 (Toán, Văn, Anh): 24.10 | B03 (Toán, Sinh, Văn): 23.73 | B08 (Toán, Sinh, Anh): 23.63"
48424274,Nguyễn Thị Vân Khánh,10A2,english,0.6987599892236712,biology,0.657681098317996,"D13 (Văn, Sinh, Anh): 25.47 | B08 (Toán, Sinh, Anh): 24.50 | D08 (Toán, Sinh, Anh): 24.50 | B03 (Toán, Sinh, Văn): 24.47"
39336970,Lưu Thị Mai,10A2,english,0.6867503179088023,biology,0.6563830414923366,"D13 (Văn, Sinh, Anh): 24.80 | B08 (Toán, Sinh, Anh): 23.87 | D08 (Toán, Sinh, Anh): 23.87 | B03 (Toán, Sinh, Văn): 23.57"
48424275,Nguyễn Đăng Khoa,10A2,english,0.6700330278556432,biology,0.6509076473641652,"D13 (Văn, Sinh, Anh): 23.70 | B08 (Toán, Sinh, Anh): 22.70 | D08 (Toán, Sinh, Anh): 22.70 | B03 (Toán, Sinh, Văn): 22.33"
35092417,Đường Huyền Linh,10A2,english,0.7105130956506422,biology,0.6584352577338153,"D13 (Văn, Sinh, Anh): 24.30 | B08 (Toán, Sinh, Anh): 23.37 | D08 (Toán, Sinh, Anh): 23.37 | B03 (Toán, Sinh, Văn): 22.50"
39336877,Nguyễn Thị Thùy Linh,10A2,english,0.6842897700537389,biology,0.6601587445420386,"D13 (Văn, Sinh, Anh): 23.63 | B08 (Toán, Sinh, Anh): 22.73 | D08 (Toán, Sinh, Anh): 22.73 | B03 (Toán, Sinh, Văn): 22.70"
35092268,Nguyễn Thùy Linh,10A2,english,0.6719588576131533,biology,0.6390400684025691,"D13 (Văn, Sinh, Anh): 24.60 | B08 (Toán, Sinh, Anh): 23.53 | D08 (Toán, Sinh, Anh): 23.53 | B03 (Toán, Sinh, Văn): 22.90"
38984760,Dương Bảo Ngọc,10A2,english,0.6827770836939424,biology,0.6548916273625268,"D13 (Văn, Sinh, Anh): 23.57 | B03 (Toán, Sinh, Văn): 22.90 | B08 (Toán, Sinh, Anh): 22.60 | D08 (Toán, Sinh, Anh): 22.60"
35092278,Nguyễn Đỗ Yến Nhi,10A2,english,0.7026755925040735,biology,0.6717872421768903,"D13 (Văn, Sinh, Anh): 26.00 | B03 (Toán, Sinh, Văn): 25.60 | D01 (Toán, Văn, Anh): 25.37 | B08 (Toán, Sinh, Anh): 25.23"
39557787,Nguyễn Kiều Oanh,10A2,english,0.6877165633164618,biology,0.6430893106920006,"D13 (Văn, Sinh, Anh): 24.97 | B03 (Toán, Sinh, Văn): 24.83 | D01 (Toán, Văn, Anh): 24.73 | B08 (Toán, Sinh, Anh): 24.07"
39336887,Nguyễn Ngọc Như Quỳnh,10A2,english,0.7008245997328916,biology,0.6680653554645644,"D13 (Văn, Sinh, Anh): 23.53 | B08 (Toán, Sinh, Anh): 22.47 | D08 (Toán, Sinh, Anh): 22.47 | B03 (Toán, Sinh, Văn): 22.37"
39557790,Nguyễn Thị Như Quỳnh,10A2,english,0.7005184937161871,biology,0.6692111584580377,"D13 (Văn, Sinh, Anh): 25.13 | B08 (Toán, Sinh, Anh): 24.43 | D08 (Toán, Sinh, Anh): 24.43 | B03 (Toán, Sinh, Văn): 24.23"
35584894,Ngô Lệ Thu,10A2,english,0.6881229424922444,biology,0.6620728177704589,"D13 (Văn, Sinh, Anh): 24.97 | B08 (Toán, Sinh, Anh): 23.47 | D08 (Toán, Sinh, Anh): 23.47 | D01 (Toán, Văn, Anh): 23.33"
39557793,Nguyễn Thị Minh Thu,10A2,english,0.7008264794471908,biology,0.6688227918666074,"D13 (Văn, Sinh, Anh): 25.43 | D01 (Toán, Văn, Anh): 24.83 | B08 (Toán, Sinh, Anh): 24.70 | D08 (Toán, Sinh, Anh): 24.70"
39336812,Nguyễn Thị Thùy,10A2,biology,0.689820684265473,english,0.6672655204066323,"D13 (Văn, Sinh, Anh): 25.30 | B03 (Toán, Sinh, Văn): 24.60 | D01 (Toán, Văn, Anh): 24.47 | B08 (Toán, Sinh, Anh): 24.23"
41005399,Chu Anh Thư,10A2,english,0.6666310301946101,biology,0.6489147830647268,"D13 (Văn, Sinh, Anh): 24.70 | D01 (Toán, Văn, Anh): 23.83 | B03 (Toán, Sinh, Văn): 23.80 | B08 (Toán, Sinh, Anh): 23.67"
39557795,Nguyễn Thu Trang,10A2,english,0.7073210167206829,biology,0.6685571878949956,"D13 (Văn, Sinh, Anh): 25.30 | B03 (Toán, Sinh, Văn): 24.10 | D01 (Toán, Văn, Anh): 24.07 | B08 (Toán, Sinh, Anh): 23.43"
39336894,Nguyễn Thùy Trang,10A2,english,0.6974427363770751,biology,0.6545599213648403,"D13 (Văn, Sinh, Anh): 25.67 | D01 (Toán, Văn, Anh): 25.00 | B03 (Toán, Sinh, Văn): 24.83 | B08 (Toán, Sinh, Anh): 24.70"
39336816,Nguyễn Thanh Tuyền,10A2,english,0.7007366214879965,biology,0.6579780709490195,"D13 (Văn, Sinh, Anh): 24.30 | B08 (Toán, Sinh, Anh): 23.33 | D08 (Toán, Sinh, Anh): 23.33 | D01 (Toán, Văn, Anh): 23.27"
41005366,Nguyễn Thị Hồng Vân,10A2,english,0.6953313292812926,biology,0.6565076856661205,"D13 (Văn, Sinh, Anh): 24.57 | B08 (Toán, Sinh, Anh): 23.37 | D08 (Toán, Sinh, Anh): 23.37 | D01 (Toán, Văn, Anh): 22.73"
35092443,Trần Thế Anh,10A3,english,0.6748190375022871,biology,0.6306380610974358,"D13 (Văn, Sinh, Anh): 23.47 | D01 (Toán, Văn, Anh): 23.33 | B03 (Toán, Sinh, Văn): 23.07 | B08 (Toán, Sinh, Anh): 22.73"
39336823,Kiều Thị Ánh,10A3,english,0.6735830068205302,biology,0.6404077459437162,"D13 (Văn, Sinh, Anh): 23.80 | B03 (Toán, Sinh, Văn): 23.50 | D01 (Toán, Văn, Anh): 23.27 | B08 (Toán, Sinh, Anh): 22.83"
39336943,Kim Văn Bắc,10A3,biology,0.6640314290068813,english,0.6425104792196694,"D13 (Văn, Sinh, Anh): 24.77 | D01 (Toán, Văn, Anh): 23.63 | B03 (Toán, Sinh, Văn): 23.57 | B08 (Toán, Sinh, Anh): 23.03"
41005307,Lương Ngọc Cảnh,10A3,biology,0.6606972762328104,english,0.6407768170349342,"D13 (Văn, Sinh, Anh): 23.73 | B03 (Toán, Sinh, Văn): 22.73 | D01 (Toán, Văn, Anh): 22.27 | B08 (Toán, Sinh, Anh): 21.67"
41005313,Trần Thành Đạt,10A3,english,0.675540684392401,biology,0.647527110599809,"B03 (Toán, Sinh, Văn): 23.50 | D01 (Toán, Văn, Anh): 23.40 | D13 (Văn, Sinh, Anh): 23.27 | B08 (Toán, Sinh, Anh): 23.03"
39366819,Nguyễn Mạnh Hà,10A3,biology,0.6444147522929712,informatics,0.6345298038588838,"X02 (Toán, Văn, Tin học): 23.67 | B03 (Toán, Sinh, Văn): 23.43 | X14 (Toán, Sinh, Tin học): 23.07"
41005381,Nguyễn Hoàng Hiếu,10A3,english,0.6895542516113589,biology,0.6484793590133752,"D13 (Văn, Sinh, Anh): 23.37 | B03 (Toán, Sinh, Văn): 23.03 | D01 (Toán, Văn, Anh): 23.03 | B08 (Toán, Sinh, Anh): 22.57"
41005318,Khổng Văn Hiệp,10A3,english,0.6365933563895996,biology,0.6127180746137613,"D13 (Văn, Sinh, Anh): 22.67 | B03 (Toán, Sinh, Văn): 22.17 | D01 (Toán, Văn, Anh): 21.97 | B08 (Toán, Sinh, Anh): 21.60"
39366693,Trần Đoàn Hiệp,10A3,english,0.6868514809239029,biology,0.6363566012906721,"D13 (Văn, Sinh, Anh): 22.80 | D01 (Toán, Văn, Anh): 22.27 | B03 (Toán, Sinh, Văn): 22.07 | B08 (Toán, Sinh, Anh): 21.57"
39547017,Nguyễn Đình Hùng,10A3,english,0.6813759428643558,biology,0.6483582967826154,"D13 (Văn, Sinh, Anh): 23.53 | B03 (Toán, Sinh, Văn): 22.60 | D01 (Toán, Văn, Anh): 22.43 | B08 (Toán, Sinh, Anh): 22.33"
39545740,Lê Thị Hương,10A3,biology,0.6469208325599094,english,0.6207114994834435,"D13 (Văn, Sinh, Anh): 23.47 | B03 (Toán, Sinh, Văn): 22.57 | B08 (Toán, Sinh, Anh): 22.37 | D08 (Toán, Sinh, Anh): 22.37"
39336772,Lưu Quốc Khánh,10A3,biology,0.6603146599106484,geography,0.6377505642081029,"B03 (Toán, Sinh, Văn): 22.67 | C04 (Văn, Toán, Địa): 22.60 | B02 (Toán, Sinh, Địa): 22.17"
39336917,Nguyễn Huy Khôi,10A3,english,0.6395068919188754,biology,0.6117621878005982,"D13 (Văn, Sinh, Anh): 22.73 | D01 (Toán, Văn, Anh): 21.73 | B03 (Toán, Sinh, Văn): 21.70 | B08 (Toán, Sinh, Anh): 21.33"
39336776,Nguyễn Trung Kiên,10A3,biology,0.6427276888693833,english,0.6169786899436709,"B03 (Toán, Sinh, Văn): 23.20 | D13 (Văn, Sinh, Anh): 23.00 | D01 (Toán, Văn, Anh): 22.77 | B08 (Toán, Sinh, Anh): 22.03"
39366842,Đặng Thị Mai Lan,10A3,english,0.6780000238231194,biology,0.6604266248737445,"D13 (Văn, Sinh, Anh): 23.27 | B03 (Toán, Sinh, Văn): 22.07 | D01 (Toán, Văn, Anh): 22.03 | B08 (Toán, Sinh, Anh): 21.73"
39336714,Kiều Thị Ngọc Lan,10A3,english,0.7050708662009312,biology,0.6433869902650097,"D13 (Văn, Sinh, Anh): 24.40 | B03 (Toán, Sinh, Văn): 22.90 | B08 (Toán, Sinh, Anh): 22.90 | D01 (Toán, Văn, Anh): 22.90"
48423108,Nguyễn Bảo Linh,10A3,biology,0.6577519641959404,geography,0.6532631913493419,"B03 (Toán, Sinh, Văn): 24.00 | C04 (Văn, Toán, Địa): 23.63 | B02 (Toán, Sinh, Địa): 23.40"
39557782,Nguyễn Nhật Linh,10A3,biology,0.6302150195171148,informatics,0.6273746460143859,"B03 (Toán, Sinh, Văn): 23.10 | X02 (Toán, Văn, Tin học): 22.50 | X14 (Toán, Sinh, Tin học): 22.37"
35584824,Nguyễn Tuấn Linh,10A3,english,0.684453037081971,biology,0.655484549500544,"B03 (Toán, Sinh, Văn): 24.47 | D13 (Văn, Sinh, Anh): 24.47 | D01 (Toán, Văn, Anh): 24.43 | B08 (Toán, Sinh, Anh): 24.33"
39366850,Trần Thị Hoài Linh,10A3,english,0.6771717520247518,biology,0.6303838092284322,"D13 (Văn, Sinh, Anh): 23.97 | B03 (Toán, Sinh, Văn): 23.10 | B08 (Toán, Sinh, Anh): 23.07 | D08 (Toán, Sinh, Anh): 23.07"
39366860,Lê Đăng Mạnh,10A3,english,0.6553971066479645,biology,0.6322438594331259,"D13 (Văn, Sinh, Anh): 23.53 | B03 (Toán, Sinh, Văn): 22.80 | D01 (Toán, Văn, Anh): 22.70 | B08 (Toán, Sinh, Anh): 22.17"
39366864,Trần Quang Minh,10A3,english,0.6809628264581831,biology,0.6442447435549147,"D13 (Văn, Sinh, Anh): 24.30 | B03 (Toán, Sinh, Văn): 23.83 | B08 (Toán, Sinh, Anh): 23.70 | D08 (Toán, Sinh, Anh): 23.70"
39336845,Nguyễn Thị Huyền My,10A3,english,0.6809626330986289,biology,0.6496339292383313,"D13 (Văn, Sinh, Anh): 25.00 | D01 (Toán, Văn, Anh): 24.53 | B08 (Toán, Sinh, Anh): 24.50 | D08 (Toán, Sinh, Anh): 24.50"
39336972,Lưu Thúy Nga,10A3,biology,0.6671388977955971,english,0.6522666199938004,"D13 (Văn, Sinh, Anh): 24.27 | B03 (Toán, Sinh, Văn): 22.67 | D01 (Toán, Văn, Anh): 21.90 | B08 (Toán, Sinh, Anh): 21.87"
41005355,Nguyễn Trung Nguyên,10A3,english,0.6855563584771025,biology,0.6589462500947328,"D13 (Văn, Sinh, Anh): 23.87 | B03 (Toán, Sinh, Văn): 22.43 | D01 (Toán, Văn, Anh): 22.37 | B08 (Toán, Sinh, Anh): 22.33"
39336783,Lưu Xuân Mai,10A3,english,0.7021136412077461,biology,0.6783656569676466,"D13 (Văn, Sinh, Anh): 24.17 | B03 (Toán, Sinh, Văn): 23.47 | B08 (Toán, Sinh, Anh): 23.43 | D08 (Toán, Sinh, Anh): 23.43"
48423113,Trần Khánh Nguyên,10A3,english,0.6794050408051601,biology,0.6513578618467777,"D13 (Văn, Sinh, Anh): 25.13 | D01 (Toán, Văn, Anh): 24.00 | B03 (Toán, Sinh, Văn): 23.53 | B08 (Toán, Sinh, Anh): 23.43"
39559376,Nguyễn Thị Hải Nguyệt,10A3,english,0.6799637949788901,biology,0.6613258924181379,"D13 (Văn, Sinh, Anh): 23.50 | B03 (Toán, Sinh, Văn): 22.37 | D01 (Toán, Văn, Anh): 22.33 | B08 (Toán, Sinh, Anh): 22.20"
39547024,Đặng Long Nhật,10A3,english,0.6511272810206059,biology,0.6192906225578018,"D13 (Văn, Sinh, Anh): 23.57 | B03 (Toán, Sinh, Văn): 22.60 | D01 (Toán, Văn, Anh): 22.23 | B08 (Toán, Sinh, Anh): 22.10"
48424284,Trần Văn Nhật,10A3,english,0.6842771582729593,biology,0.64409807739867,"D13 (Văn, Sinh, Anh): 24.30 | B03 (Toán, Sinh, Văn): 23.37 | D01 (Toán, Văn, Anh): 23.27 | B08 (Toán, Sinh, Anh): 23.17"
39061313,Nguyễn Yến Nhi,10A3,english,0.6927699073332473,biology,0.6687832033188881,"D13 (Văn, Sinh, Anh): 23.83 | B03 (Toán, Sinh, Văn): 23.37 | D01 (Toán, Văn, Anh): 23.10 | B08 (Toán, Sinh, Anh): 22.90"
39336721,Nguyễn Yến Nhi,10A3,english,0.7126211937018138,biology,0.682710171306991,"D13 (Văn, Sinh, Anh): 24.90 | B08 (Toán, Sinh, Anh): 24.23 | D01 (Toán, Văn, Anh): 24.23 | D08 (Toán, Sinh, Anh): 24.23"
39336850,Nguyễn Lưu Minh Phương,10A3,english,0.6938258336478622,biology,0.6630881925169687,"D13 (Văn, Sinh, Anh): 24.43 | B03 (Toán, Sinh, Văn): 24.33 | D01 (Toán, Văn, Anh): 24.13 | B08 (Toán, Sinh, Anh): 23.80"
39336885,Lưu Thị Phượng,10A3,english,0.6694782617764985,biology,0.656049470732206,"D13 (Văn, Sinh, Anh): 23.27 | B03 (Toán, Sinh, Văn): 22.87 | D01 (Toán, Văn, Anh): 22.37 | B08 (Toán, Sinh, Anh): 22.10"
39366889,Lê Bảo Quốc,10A3,biology,0.6463498441570036,english,0.6223014493650421,"D13 (Văn, Sinh, Anh): 23.10 | B03 (Toán, Sinh, Văn): 22.63 | D01 (Toán, Văn, Anh): 22.20 | B08 (Toán, Sinh, Anh): 21.47"
39336852,Nguyễn Thị Hồng Quyên,10A3,informatics,0.6688979713822352,geography,0.6593330043926013,"X02 (Toán, Văn, Tin học): 25.23 | X22 (Toán, Địa, Tin học): 24.97 | C04 (Văn, Toán, Địa): 24.60"
39366755,Nguyễn Văn Quý,10A3,english,0.7114887698783665,biology,0.6790501035056389,"D13 (Văn, Sinh, Anh): 24.40 | B08 (Toán, Sinh, Anh): 23.70 | D08 (Toán, Sinh, Anh): 23.70 | B03 (Toán, Sinh, Văn): 23.47"
48423115,Trần Thị Thùy,10A3,english,0.6886879641751094,biology,0.6647136183352613,"D13 (Văn, Sinh, Anh): 25.97 | B03 (Toán, Sinh, Văn): 24.67 | D01 (Toán, Văn, Anh): 24.57 | B08 (Toán, Sinh, Anh): 24.40"
39336889,Vũ Thị Anh Thư,10A3,english,0.6875861560748697,biology,0.6636250873534453,"D13 (Văn, Sinh, Anh): 24.13 | B03 (Toán, Sinh, Văn): 23.10 | B08 (Toán, Sinh, Anh): 22.73 | D08 (Toán, Sinh, Anh): 22.73"
39336813,Nguyễn Thị Thuỷ Tiên,10A3,english,0.672883965431327,biology,0.652143869429023,"D13 (Văn, Sinh, Anh): 24.93 | D01 (Toán, Văn, Anh): 24.13 | B08 (Toán, Sinh, Anh): 23.60 | D08 (Toán, Sinh, Anh): 23.60"
48423120,Trần Thị Trang,10A3,english,0.6927953102985352,biology,0.6683238507613414,"B03 (Toán, Sinh, Văn): 24.63 | D01 (Toán, Văn, Anh): 24.50 | D13 (Văn, Sinh, Anh): 24.20 | B08 (Toán, Sinh, Anh): 23.77"
39366774,Trần Bảo Trâm,10A3,english,0.7084644888406225,biology,0.6748673633907144,"D13 (Văn, Sinh, Anh): 25.00 | D01 (Toán, Văn, Anh): 23.80 | B08 (Toán, Sinh, Anh): 23.67 | D08 (Toán, Sinh, Anh): 23.67"
48423091,Nguyễn Thị Mai Anh,10A4,chemistry,0.6541716073966167,english,0.6377470284083148,"D12 (Văn, Hóa, Anh): 24.23 | C02 (Văn, Toán, Hóa): 23.17 | D01 (Toán, Văn, Anh): 22.90 | D07 (Toán, Hóa, Anh): 22.60"
39366799,Nguyễn Tuấn Anh,10A4,chemistry,0.636414356868231,english,0.6131975891605418,"D12 (Văn, Hóa, Anh): 22.97 | C02 (Văn, Toán, Hóa): 21.57 | D01 (Toán, Văn, Anh): 21.33 | D07 (Toán, Hóa, Anh): 21.33"
48423092,Lê Ngọc Ánh,10A4,chemistry,0.6526378167562057,english,0.6524790976162074,"C02 (Văn, Toán, Hóa): 23.97 | D12 (Văn, Hóa, Anh): 23.43 | D01 (Toán, Văn, Anh): 23.27 | D07 (Toán, Hóa, Anh): 23.03"
44652470,Nguyễn Gia Bảo,10A4,chemistry,0.6149640781173964,informatics,0.6144871526837898,"C02 (Văn, Toán, Hóa): 22.13 | X02 (Toán, Văn, Tin học): 21.70 | X10 (Toán, Hóa, Tin học): 21.43"
39336744,Nguyễn Gia Bảo,10A4,chemistry,0.6152106885293389,english,0.5761534699114971,"D12 (Văn, Hóa, Anh): 22.27 | D01 (Toán, Văn, Anh): 20.97 | C02 (Văn, Toán, Hóa): 20.90 | D07 (Toán, Hóa, Anh): 20.57"
39336864,Nguyễn Duy Bình,10A4,english,0.6479301277576216,chemistry,0.6198930279238383,"D12 (Văn, Hóa, Anh): 22.20 | C02 (Văn, Toán, Hóa): 21.70 | D01 (Toán, Văn, Anh): 21.60 | D07 (Toán, Hóa, Anh): 21.60"
39336905,Nguyễn Đức Doanh,10A4,chemistry,0.6180698766012408,english,0.5932079258385267,"D12 (Văn, Hóa, Anh): 21.27 | C02 (Văn, Toán, Hóa): 20.93 | D07 (Toán, Hóa, Anh): 20.70 | D01 (Toán, Văn, Anh): 20.40"
39366685,Lê Anh Duy,10A4,english,0.6501439935468172,chemistry,0.6079995244357868,"D12 (Văn, Hóa, Anh): 21.73 | C02 (Văn, Toán, Hóa): 20.87 | D01 (Toán, Văn, Anh): 20.57 | D07 (Toán, Hóa, Anh): 20.13"
40710703,Lê Mạnh Dũng,10A4,chemistry,0.6390062506365377,informatics,0.6142963515695627,"C02 (Văn, Toán, Hóa): 20.43 | X02 (Toán, Văn, Tin học): 20.23 | X10 (Toán, Hóa, Tin học): 20.20"
35584873,Nguyễn Tiến Dũng,10A4,chemistry,0.6555893482375365,english,0.6224671897094418,"D12 (Văn, Hóa, Anh): 22.47 | C02 (Văn, Toán, Hóa): 22.00 | D07 (Toán, Hóa, Anh): 21.87 | D01 (Toán, Văn, Anh): 21.27"
39336907,Nguyễn Tiến Dũng,10A4,chemistry,0.5994128705098649,english,0.5991304954454093,"C02 (Văn, Toán, Hóa): 23.10 | D12 (Văn, Hóa, Anh): 22.43 | D01 (Toán, Văn, Anh): 22.13 | D07 (Toán, Hóa, Anh): 21.63"
35092470,Bùi Quang Định,10A4,english,0.6539645272021625,chemistry,0.6142235213897123,"D12 (Văn, Hóa, Anh): 23.23 | C02 (Văn, Toán, Hóa): 22.13 | D01 (Toán, Văn, Anh): 21.87 | D07 (Toán, Hóa, Anh): 21.57"
41005378,Lương Duy Đông,10A4,informatics,0.6472598618355053,english,0.6244877428741069,"X02 (Toán, Văn, Tin học): 21.67 | X26 (Toán, Anh, Tin học): 21.60 | D01 (Toán, Văn, Anh): 21.17"
41005314,Lương Minh Đức,10A4,chemistry,0.6173489996858537,english,0.6173489996858537,"D12 (Văn, Hóa, Anh): 21.93 | C02 (Văn, Toán, Hóa): 21.83 | D01 (Toán, Văn, Anh): 21.33 | D07 (Toán, Hóa, Anh): 21.00"
39559326,Ngô Thị Hồng Hạnh,10A4,chemistry,0.6466087572289492,english,0.6137084447169183,"D12 (Văn, Hóa, Anh): 22.17 | C02 (Văn, Toán, Hóa): 21.43 | D07 (Toán, Hóa, Anh): 20.80 | D01 (Toán, Văn, Anh): 20.30"
35092471,Trần Huy Hoàng,10A4,english,0.6352633071981255,chemistry,0.6090108340157225,"D12 (Văn, Hóa, Anh): 21.83 | C02 (Văn, Toán, Hóa): 20.30 | D01 (Toán, Văn, Anh): 20.23 | D07 (Toán, Hóa, Anh): 20.03"
39336960,Nguyễn Doãn Huy,10A4,chemistry,0.6488400938794994,english,0.6394429563702004,"D12 (Văn, Hóa, Anh): 22.93 | C02 (Văn, Toán, Hóa): 22.03 | D07 (Toán, Hóa, Anh): 21.70 | D01 (Toán, Văn, Anh): 21.53"
39545738,Nguyễn Quang Huy,10A4,chemistry,0.6657335725104074,biology,0.6171865853250692,"C08 (Văn, Hóa, Sinh): 22.83 | B00 (Toán, Hóa, Sinh): 21.90 | C02 (Văn, Toán, Hóa): 21.77 | B03 (Toán, Sinh, Văn): 21.60"
48423103,Nguyễn Thanh Huyền,10A4,chemistry,0.6694432024624829,english,0.6292908095015382,"D12 (Văn, Hóa, Anh): 23.73 | D07 (Toán, Hóa, Anh): 22.53 | C02 (Văn, Toán, Hóa): 22.30 | D01 (Toán, Văn, Anh): 22.23"
35584883,Đỗ Thị Lan Hương,10A4,chemistry,0.662699798287946,informatics,0.6416996707275593,"C02 (Văn, Toán, Hóa): 22.07 | X10 (Toán, Hóa, Tin học): 21.90 | X02 (Toán, Văn, Tin học): 21.57"
39336767,Nguyễn Thị Lan Hương,10A4,english,0.6922325686828759,biology,0.6519746124004031,"D13 (Văn, Sinh, Anh): 23.40 | B03 (Toán, Sinh, Văn): 22.37 | B08 (Toán, Sinh, Anh): 22.20 | D08 (Toán, Sinh, Anh): 22.20"
35584822,Phạm Duy Lăng,10A4,chemistry,0.6620874795854561,english,0.6339885500649154,"D12 (Văn, Hóa, Anh): 22.67 | D07 (Toán, Hóa, Anh): 21.60 | C02 (Văn, Toán, Hóa): 21.13 | D01 (Toán, Văn, Anh): 20.70"
48423109,Nguyễn Việt Long,10A4,chemistry,0.6415157284788389,english,0.62708518878947,"D12 (Văn, Hóa, Anh): 22.87 | C02 (Văn, Toán, Hóa): 22.43 | D07 (Toán, Hóa, Anh): 22.03 | D01 (Toán, Văn, Anh): 21.97"
39547021,Đặng Tiến Lợi,10A4,chemistry,0.6628602031381319,english,0.6350532193301145,"D12 (Văn, Hóa, Anh): 23.30 | C02 (Văn, Toán, Hóa): 22.60 | D07 (Toán, Hóa, Anh): 22.53 | D01 (Toán, Văn, Anh): 22.37"
48423110,Nguyễn Lê Hường Ly,10A4,chemistry,0.650488969372254,informatics,0.6255809934463468,"X02 (Toán, Văn, Tin học): 24.13 | C02 (Văn, Toán, Hóa): 23.77 | X10 (Toán, Hóa, Tin học): 23.57"
39366725,Trần Xuân Mai,10A4,chemistry,0.6392218461702548,english,0.6172631946117675,"D12 (Văn, Hóa, Anh): 22.73 | D07 (Toán, Hóa, Anh): 21.80 | C02 (Văn, Toán, Hóa): 21.77 | D01 (Toán, Văn, Anh): 21.40"
35092436,Lưu Diệp Minh,10A4,english,0.6539045383047446,biology,0.6423845096889162,"D13 (Văn, Sinh, Anh): 23.63 | B03 (Toán, Sinh, Văn): 22.40 | D01 (Toán, Văn, Anh): 21.90 | B08 (Toán, Sinh, Anh): 21.37"
39363591,Nguyễn Duy Nam,10A4,chemistry,0.6602609138214861,english,0.6336892905262514,"D12 (Văn, Hóa, Anh): 22.47 | C02 (Văn, Toán, Hóa): 21.73 | D07 (Toán, Hóa, Anh): 21.70 | D01 (Toán, Văn, Anh): 21.10"
35092272,Trần Hoàng Nam,10A4,english,0.6718262079970225,biology,0.6436940503085167,"D13 (Văn, Sinh, Anh): 23.77 | B08 (Toán, Sinh, Anh): 22.07 | D01 (Toán, Văn, Anh): 22.07 | D08 (Toán, Sinh, Anh): 22.07"
39336881,Nguyễn Ánh Ngọc,10A4,chemistry,0.6457107231144457,english,0.6292572409951713,"D12 (Văn, Hóa, Anh): 23.00 | C02 (Văn, Toán, Hóa): 22.67 | D07 (Toán, Hóa, Anh): 22.30 | D01 (Toán, Văn, Anh): 22.03"
39336886,Nguyễn Minh Quyết,10A4,english,0.6601342438936695,biology,0.6367488936688108,"D13 (Văn, Sinh, Anh): 22.73 | B03 (Toán, Sinh, Văn): 21.30 | D01 (Toán, Văn, Anh): 21.30 | B08 (Toán, Sinh, Anh): 20.77"
39557789,Hoàng Thúy Quỳnh,10A4,chemistry,0.649420329859236,english,0.6379044590661931,"D12 (Văn, Hóa, Anh): 24.03 | C02 (Văn, Toán, Hóa): 23.30 | D07 (Toán, Hóa, Anh): 22.80 | D01 (Toán, Văn, Anh): 22.77"
48423116,Lê Anh Thư,10A4,chemistry,0.6372156357847969,english,0.6115855319148796,"D12 (Văn, Hóa, Anh): 23.53 | C02 (Văn, Toán, Hóa): 22.47 | D01 (Toán, Văn, Anh): 21.73 | D07 (Toán, Hóa, Anh): 21.07"
39336855,Nguyễn Ngọc Tiến,10A4,english,0.6778457181705279,biology,0.6400486761271911,"D13 (Văn, Sinh, Anh): 21.90 | B08 (Toán, Sinh, Anh): 21.50 | D08 (Toán, Sinh, Anh): 21.50 | B03 (Toán, Sinh, Văn): 21.33"
39547037,Lê Thùy Trang,10A4,english,0.6674878028121111,chemistry,0.6185772883212421,"D12 (Văn, Hóa, Anh): 23.33 | C02 (Văn, Toán, Hóa): 21.97 | D07 (Toán, Hóa, Anh): 21.90 | D01 (Toán, Văn, Anh): 21.70"
41005365,Nguyễn Thị Thùy Trang,10A4,english,0.6458808970217573,chemistry,0.6012310931884526,"D12 (Văn, Hóa, Anh): 23.03 | D01 (Toán, Văn, Anh): 21.77 | C02 (Văn, Toán, Hóa): 21.67 | D07 (Toán, Hóa, Anh): 21.23"
40656029,Nguyễn Đức Trí,10A4,english,0.6591674684519956,informatics,0.6155279512180634,"D01 (Toán, Văn, Anh): 20.27 | X26 (Toán, Anh, Tin học): 20.23 | X02 (Toán, Văn, Tin học): 19.73"
48424293,Đặng Quốc Trung,10A4,chemistry,0.6475401818857681,geography,0.615152647113574,"C11 (Văn, Địa, Hóa): 22.40 | C02 (Văn, Toán, Hóa): 21.47 | A06 (Toán, Hóa, Địa): 21.40 | C04 (Văn, Toán, Địa): 21.33"
41005367,Dương Phương Vy,10A4,chemistry,0.6394805320871524,english,0.6047292669090526,"D12 (Văn, Hóa, Anh): 22.87 | C02 (Văn, Toán, Hóa): 21.77 | D07 (Toán, Hóa, Anh): 21.77 | D01 (Toán, Văn, Anh): 21.50"
48423121,Nguyễn Khánh Vy,10A4,english,0.6592738982023831,biology,0.6374839424452353,"D13 (Văn, Sinh, Anh): 23.00 | B03 (Toán, Sinh, Văn): 21.93 | B08 (Toán, Sinh, Anh): 21.77 | D08 (Toán, Sinh, Anh): 21.77"
39366793,Đỗ Tiến Anh,10A5,chemistry,0.6180133899588514,english,0.5840388419317092,"D01 (Toán, Văn, Anh): 21.10 | C02 (Văn, Toán, Hóa): 21.03 | D07 (Toán, Hóa, Anh): 20.53 | D12 (Văn, Hóa, Anh): 20.53"
41005371,Đỗ Tuấn Anh,10A5,english,0.5873364897428222,chemistry,0.555129214178408,"D12 (Văn, Hóa, Anh): 18.73 | D01 (Toán, Văn, Anh): 17.63 | C02 (Văn, Toán, Hóa): 17.43 | D07 (Toán, Hóa, Anh): 17.10"
39336740,Nguyễn Văn Tuấn Anh,10A5,english,0.6384565666128407,informatics,0.625216142610678,"D01 (Toán, Văn, Anh): 21.63 | X02 (Toán, Văn, Tin học): 21.60 | X26 (Toán, Anh, Tin học): 21.53"
39559355,Tô Thị Lan Anh,10A5,chemistry,0.6220019173103292,english,0.5971195262547002,"D12 (Văn, Hóa, Anh): 21.30 | D01 (Toán, Văn, Anh): 20.73 | C02 (Văn, Toán, Hóa): 20.63 | D07 (Toán, Hóa, Anh): 20.53"
39336908,Nguyễn Văn Hải Duy,10A5,chemistry,0.5992860903792753,english,0.5755850156455231,"D12 (Văn, Hóa, Anh): 21.30 | C02 (Văn, Toán, Hóa): 20.77 | D07 (Toán, Hóa, Anh): 20.60 | D01 (Toán, Văn, Anh): 20.13"
39336866,Đỗ Mạnh Dũng,10A5,chemistry,0.6304803711576266,informatics,0.5991565310996508,"C02 (Văn, Toán, Hóa): 21.67 | X02 (Toán, Văn, Tin học): 21.53 | X10 (Toán, Hóa, Tin học): 21.17"
39336750,Đỗ Văn Dũng,10A5,english,0.6518196853238362,informatics,0.6223023724604047,"X26 (Toán, Anh, Tin học): 21.80 | D01 (Toán, Văn, Anh): 21.67 | X02 (Toán, Văn, Tin học): 21.37"
39559316,Hoàng Mạnh Dũng,10A5,chemistry,0.6165534107407232,english,0.5858134005368822,"D12 (Văn, Hóa, Anh): 22.13 | C02 (Văn, Toán, Hóa): 21.93 | D01 (Toán, Văn, Anh): 21.53 | D07 (Toán, Hóa, Anh): 20.90"
39061695,Nguyễn Việt Dũng,10A5,chemistry,0.6243972439158811,english,0.6076380653976006,"C02 (Văn, Toán, Hóa): 20.93 | D12 (Văn, Hóa, Anh): 20.93 | D01 (Toán, Văn, Anh): 20.87 | D07 (Toán, Hóa, Anh): 20.37"
39336824,Dương Tùng Dương,10A5,chemistry,0.6211028159915957,informatics,0.5969942501662624,"C02 (Văn, Toán, Hóa): 20.93 | X02 (Toán, Văn, Tin học): 20.93 | X10 (Toán, Hóa, Tin học): 20.63"
39366686,Lê Thế Đan,10A5,chemistry,0.5930871040752609,informatics,0.5869099502916992,"C02 (Văn, Toán, Hóa): 21.17 | X02 (Toán, Văn, Tin học): 21.07 | X10 (Toán, Hóa, Tin học): 20.10"
35092303,Nguyễn Trường Đăng,10A5,chemistry,0.5960059317090212,informatics,0.587474628772443,"C02 (Văn, Toán, Hóa): 21.00 | X02 (Toán, Văn, Tin học): 20.67 | X10 (Toán, Hóa, Tin học): 20.03"
35584842,Nguyễn Xuân Đức,10A5,english,0.6390669958565497,informatics,0.6102889742844644,"X02 (Toán, Văn, Tin học): 21.63 | D01 (Toán, Văn, Anh): 21.43 | X26 (Toán, Anh, Tin học): 21.17"
39336953,Nguyễn Thị Quỳnh Giang,10A5,chemistry,0.6298703384385083,informatics,0.6021856101384928,"C02 (Văn, Toán, Hóa): 20.90 | X02 (Toán, Văn, Tin học): 20.73 | X10 (Toán, Hóa, Tin học): 20.70"
39366816,Lê Huy Giáp,10A5,english,0.6635745028296545,chemistry,0.6281432869746931,"D12 (Văn, Hóa, Anh): 22.33 | D07 (Toán, Hóa, Anh): 21.73 | D01 (Toán, Văn, Anh): 21.63 | C02 (Văn, Toán, Hóa): 21.30"
39336956,Nguyễn Duy Hiếu,10A5,english,0.643363360460121,informatics,0.5975975273492933,"X26 (Toán, Anh, Tin học): 20.80 | D01 (Toán, Văn, Anh): 20.63 | X02 (Toán, Văn, Tin học): 20.53"
39336914,Nguyễn Huy Hiếu,10A5,chemistry,0.6281435186039928,informatics,0.6010357409522897,"C02 (Văn, Toán, Hóa): 21.43 | X02 (Toán, Văn, Tin học): 21.00 | X10 (Toán, Hóa, Tin học): 20.83"
48424272,Đỗ Thị Huệ,10A5,chemistry,0.6585501007597978,informatics,0.6308039724238671,"C02 (Văn, Toán, Hóa): 21.67 | X10 (Toán, Hóa, Tin học): 21.57 | X02 (Toán, Văn, Tin học): 21.07"
35092479,Nguyễn Quang Huy,10A5,english,0.663933288921453,chemistry,0.6120440847008499,"D12 (Văn, Hóa, Anh): 22.30 | D01 (Toán, Văn, Anh): 21.97 | C02 (Văn, Toán, Hóa): 21.80 | D07 (Toán, Hóa, Anh): 21.73"
39336766,Lưu Thị Khánh Huyền,10A5,english,0.6518476996289594,biology,0.6140816050066145,"D13 (Văn, Sinh, Anh): 22.57 | B03 (Toán, Sinh, Văn): 22.30 | B08 (Toán, Sinh, Anh): 22.23 | D08 (Toán, Sinh, Anh): 22.23"
35092386,Nguyễn Tuấn Hùng,10A5,chemistry,0.6565212476542364,informatics,0.6238847184957264,"X02 (Toán, Văn, Tin học): 22.70 | X10 (Toán, Hóa, Tin học): 22.53 | C02 (Văn, Toán, Hóa): 22.50"
35584848,Bùi Thúy Hường,10A5,chemistry,0.6405539430986145,geography,0.617419209856601,"C11 (Văn, Địa, Hóa): 21.60 | A06 (Toán, Hóa, Địa): 20.90 | C04 (Văn, Toán, Địa): 20.80 | C02 (Văn, Toán, Hóa): 20.70"
35584850,Dương Ngọc Linh,10A5,chemistry,0.6394833987917486,geography,0.6079240402473124,"C11 (Văn, Địa, Hóa): 21.17 | A06 (Toán, Hóa, Địa): 20.90 | C02 (Văn, Toán, Hóa): 20.83 | C04 (Văn, Toán, Địa): 20.80"
39559373,Thạch Thị Kiều Linh,10A5,chemistry,0.618740172641232,english,0.5942910330740199,"D12 (Văn, Hóa, Anh): 21.50 | C02 (Văn, Toán, Hóa): 20.97 | D07 (Toán, Hóa, Anh): 20.97 | D01 (Toán, Văn, Anh): 20.87"
39336843,Nguyễn Thị Bích Loan,10A5,chemistry,0.6150398405080706,english,0.5854381321550215,"D12 (Văn, Hóa, Anh): 21.77 | C02 (Văn, Toán, Hóa): 20.87 | D01 (Toán, Văn, Anh): 20.83 | D07 (Toán, Hóa, Anh): 20.83"
39336844,Nguyễn Đăng Lượng,10A5,english,0.6338749687538332,chemistry,0.574982158807549,"D12 (Văn, Hóa, Anh): 22.07 | D01 (Toán, Văn, Anh): 21.73 | D07 (Toán, Hóa, Anh): 21.10 | C02 (Văn, Toán, Hóa): 20.40"
48423111,Nguyễn Thị Ngọc Mai,10A5,chemistry,0.6330760306965222,english,0.6079356133115532,"D12 (Văn, Hóa, Anh): 22.33 | D01 (Toán, Văn, Anh): 22.07 | D07 (Toán, Hóa, Anh): 21.97 | C02 (Văn, Toán, Hóa): 21.83"
39366856,Vũ Thị Quỳnh Mai,10A5,chemistry,0.6133295962439679,english,0.6020031904747076,"D12 (Văn, Hóa, Anh): 22.07 | C02 (Văn, Toán, Hóa): 21.43 | D01 (Toán, Văn, Anh): 21.20 | D07 (Toán, Hóa, Anh): 21.00"
39336789,Nguyễn Vũ Diễm My,10A5,chemistry,0.6155079861935916,english,0.5940350879986236,"D12 (Văn, Hóa, Anh): 20.77 | D01 (Toán, Văn, Anh): 20.47 | D07 (Toán, Hóa, Anh): 20.20 | C02 (Văn, Toán, Hóa): 20.07"
39336796,Đỗ Gia Nhật,10A5,chemistry,0.6034442677017045,informatics,0.5794615452167905,"X02 (Toán, Văn, Tin học): 19.17 | C02 (Văn, Toán, Hóa): 19.10 | X10 (Toán, Hóa, Tin học): 18.77"
39336805,Nguyễn Huy Phúc,10A5,chemistry,0.646634464184899,informatics,0.6314435121408681,"C02 (Văn, Toán, Hóa): 21.57 | X02 (Toán, Văn, Tin học): 21.50 | X10 (Toán, Hóa, Tin học): 21.30"
40710724,Nguyễn Thái Sơn,10A5,chemistry,0.6184480334124302,english,0.5787749284866277,"C02 (Văn, Toán, Hóa): 21.87 | D12 (Văn, Hóa, Anh): 21.73 | D01 (Toán, Văn, Anh): 21.53 | D07 (Toán, Hóa, Anh): 20.87"
39366901,Trần Công Tấn,10A5,chemistry,0.6403656289451258,english,0.6063777128906381,"C02 (Văn, Toán, Hóa): 21.63 | D01 (Toán, Văn, Anh): 21.33 | D07 (Toán, Hóa, Anh): 21.23 | D12 (Văn, Hóa, Anh): 21.20"
39336888,Nguyễn Thị Thanh Thúy,10A5,chemistry,0.6317457566583001,english,0.6047976492113754,"D12 (Văn, Hóa, Anh): 22.10 | C02 (Văn, Toán, Hóa): 21.70 | D01 (Toán, Văn, Anh): 21.27 | D07 (Toán, Hóa, Anh): 21.13"
39336980,Nguyễn Thị Minh Trang,10A5,chemistry,0.6394617545304035,english,0.6060398574007408,"D12 (Văn, Hóa, Anh): 21.57 | D07 (Toán, Hóa, Anh): 20.93 | C02 (Văn, Toán, Hóa): 20.73 | D01 (Toán, Văn, Anh): 20.57"
40679643,Nguyễn Ngọc Tuấn,10A5,chemistry,0.6180997518282981,geography,0.5968921737879682,"C11 (Văn, Địa, Hóa): 20.93 | C04 (Văn, Toán, Địa): 20.60 | C02 (Văn, Toán, Hóa): 20.50 | A06 (Toán, Hóa, Địa): 20.47"
39366916,Trần Ngọc Tuấn,10A5,english,0.6697559154776894,biology,0.6257065343005119,"D13 (Văn, Sinh, Anh): 22.57 | B03 (Toán, Sinh, Văn): 21.80 | B08 (Toán, Sinh, Anh): 21.57 | D08 (Toán, Sinh, Anh): 21.57"
41005369,Tạ Thị Hoàng Yến,10A5,chemistry,0.6412354757977086,informatics,0.6089340882892884,"C02 (Văn, Toán, Hóa): 21.43 | X02 (Toán, Văn, Tin học): 21.27 | X10 (Toán, Hóa, Tin học): 21.07"
39336861,Nguyễn Lan Anh,10A6,english,0.7132774024686951,biology,0.6483355860669386,"D13 (Văn, Sinh, Anh): 24.97 | B08 (Toán, Sinh, Anh): 24.93 | D08 (Toán, Sinh, Anh): 24.93 | D01 (Toán, Văn, Anh): 24.37"
39366795,Nguyễn Ngô Nhật Anh,10A6,english,0.6260739343407551,biology,0.5809638668479532,"D13 (Văn, Sinh, Anh): 21.23 | B03 (Toán, Sinh, Văn): 19.73 | D01 (Toán, Văn, Anh): 19.70 | B08 (Toán, Sinh, Anh): 19.63"
35092378,Trần Tuấn Anh,10A6,english,0.6714428895607809,biology,0.6047543940750028,"D13 (Văn, Sinh, Anh): 22.87 | D01 (Toán, Văn, Anh): 21.93 | B08 (Toán, Sinh, Anh): 21.90 | D08 (Toán, Sinh, Anh): 21.90"
39197827,Trần Gia Bảo,10A6,english,0.6732974187982006,biology,0.6311156510011596,"D01 (Toán, Văn, Anh): 23.80 | B08 (Toán, Sinh, Anh): 23.70 | D08 (Toán, Sinh, Anh): 23.70 | D13 (Văn, Sinh, Anh): 23.67"
39336945,Nguyễn Thị Huyền Diệu,10A6,english,0.6891699460915895,biology,0.6280473877426398,"D13 (Văn, Sinh, Anh): 23.40 | B08 (Toán, Sinh, Anh): 23.17 | D08 (Toán, Sinh, Anh): 23.17 | D01 (Toán, Văn, Anh): 22.63"
35092345,Lê Việt Dũng,10A6,english,0.690352980243783,biology,0.6363994544272475,"D13 (Văn, Sinh, Anh): 23.30 | B08 (Toán, Sinh, Anh): 22.33 | D08 (Toán, Sinh, Anh): 22.33 | B03 (Toán, Sinh, Văn): 22.23"
48423100,Nguyễn Tiến Đạt,10A6,english,0.6818891253468453,biology,0.6164638884934828,"D13 (Văn, Sinh, Anh): 23.77 | B08 (Toán, Sinh, Anh): 23.17 | D08 (Toán, Sinh, Anh): 23.17 | D01 (Toán, Văn, Anh): 22.77"
48424271,Nguyễn Thành Hiệp,10A6,english,0.692774697130351,biology,0.6600292160697605,"D13 (Văn, Sinh, Anh): 24.27 | B08 (Toán, Sinh, Anh): 23.23 | D08 (Toán, Sinh, Anh): 23.23 | D01 (Toán, Văn, Anh): 22.77"
40679625,Nguyễn Thị Hồng Hoa,10A6,english,0.6847959843247077,biology,0.6068580538611396,"D13 (Văn, Sinh, Anh): 24.27 | B08 (Toán, Sinh, Anh): 22.93 | D08 (Toán, Sinh, Anh): 22.93 | D01 (Toán, Văn, Anh): 22.90"
39336959,Hoàng Thu Hòa,10A6,english,0.6917500599834351,biology,0.5989754257461049,"D13 (Văn, Sinh, Anh): 23.87 | B08 (Toán, Sinh, Anh): 22.77 | D01 (Toán, Văn, Anh): 22.77 | D08 (Toán, Sinh, Anh): 22.77"
39366836,Đỗ Gia Huy,10A6,english,0.6802874745363575,biology,0.6238057283246263,"D13 (Văn, Sinh, Anh): 23.97 | D01 (Toán, Văn, Anh): 23.17 | B08 (Toán, Sinh, Anh): 23.00 | D08 (Toán, Sinh, Anh): 23.00"
39366708,Lê Xuân Huy,10A6,english,0.6898236197945906,biology,0.6278337160389713,"D13 (Văn, Sinh, Anh): 23.77 | D01 (Toán, Văn, Anh): 22.73 | B08 (Toán, Sinh, Anh): 22.37 | D08 (Toán, Sinh, Anh): 22.37"
39195218,Đỗ Duy Khánh,10A6,english,0.6730802127342349,biology,0.5953300590188654,"D13 (Văn, Sinh, Anh): 23.53 | D01 (Toán, Văn, Anh): 22.27 | B08 (Toán, Sinh, Anh): 22.23 | D08 (Toán, Sinh, Anh): 22.23"
41005386,Đỗ Anh Khoa,10A6,english,0.7098456025053539,biology,0.6387922493031026,"D13 (Văn, Sinh, Anh): 23.30 | B08 (Toán, Sinh, Anh): 22.67 | D08 (Toán, Sinh, Anh): 22.67 | D01 (Toán, Văn, Anh): 22.03"
35584886,Dương Mỹ Lệ,10A6,english,0.7002780971856409,biology,0.6191872597712499,"D13 (Văn, Sinh, Anh): 24.97 | B08 (Toán, Sinh, Anh): 23.80 | D08 (Toán, Sinh, Anh): 23.80 | D01 (Toán, Văn, Anh): 23.70"
35092393,Đường Mai Linh,10A6,english,0.6890836567833899,biology,0.6341996974227816,"D13 (Văn, Sinh, Anh): 24.07 | B08 (Toán, Sinh, Anh): 23.00 | D08 (Toán, Sinh, Anh): 23.00 | D01 (Toán, Văn, Anh): 22.10"
35092422,Nguyễn Mai Loan,10A6,english,0.7198717153311384,biology,0.6464337216594696,"D13 (Văn, Sinh, Anh): 24.70 | B08 (Toán, Sinh, Anh): 23.50 | D08 (Toán, Sinh, Anh): 23.50 | D01 (Toán, Văn, Anh): 23.07"
48424279,Lê Thành Long,10A6,english,0.6911163310645799,biology,0.6140541230543283,"D13 (Văn, Sinh, Anh): 24.47 | B08 (Toán, Sinh, Anh): 23.37 | D08 (Toán, Sinh, Anh): 23.37 | D01 (Toán, Văn, Anh): 22.30"
39336922,Nguyễn Thị Xuân Mai,10A6,english,0.65382274934616,biology,0.583845850640486,"D13 (Văn, Sinh, Anh): 23.37 | B08 (Toán, Sinh, Anh): 21.50 | D08 (Toán, Sinh, Anh): 21.50 | D01 (Toán, Văn, Anh): 21.27"
40652363,Lưu Đức Mạnh,10A6,english,0.6728199523878973,biology,0.6200911077929951,"D13 (Văn, Sinh, Anh): 23.27 | D01 (Toán, Văn, Anh): 21.73 | B08 (Toán, Sinh, Anh): 21.67 | D08 (Toán, Sinh, Anh): 21.67"
35092399,Nguyễn Lê Trà My,10A6,english,0.725116367482034,biology,0.6501796425995241,"D13 (Văn, Sinh, Anh): 24.17 | B08 (Toán, Sinh, Anh): 23.77 | D08 (Toán, Sinh, Anh): 23.77 | D01 (Toán, Văn, Anh): 23.53"
40710644,Trần Minh Nguyệt,10A6,english,0.7116200599578426,biology,0.6200658468823914,"D13 (Văn, Sinh, Anh): 24.33 | B08 (Toán, Sinh, Anh): 23.53 | D08 (Toán, Sinh, Anh): 23.53 | D01 (Toán, Văn, Anh): 23.33"
39366875,Trần Ngọc Nhật,10A6,english,0.697171027855515,biology,0.6457662384298666,"D13 (Văn, Sinh, Anh): 23.93 | B08 (Toán, Sinh, Anh): 22.97 | D08 (Toán, Sinh, Anh): 22.97 | D01 (Toán, Văn, Anh): 22.80"
48424285,Lê Trần Công Phi,10A6,english,0.6987857558138059,biology,0.6415274081815971,"D13 (Văn, Sinh, Anh): 24.23 | D01 (Toán, Văn, Anh): 23.23 | B08 (Toán, Sinh, Anh): 23.07 | D08 (Toán, Sinh, Anh): 23.07"
40710680,Lê Thị Ngọc Phương,10A6,english,0.6790328594312774,biology,0.6185564031182684,"D13 (Văn, Sinh, Anh): 23.93 | D01 (Toán, Văn, Anh): 23.43 | B08 (Toán, Sinh, Anh): 23.30 | D08 (Toán, Sinh, Anh): 23.30"
39336976,Nguyễn Ngọc Thu Phương,10A6,english,0.7011257668200116,biology,0.6348732167348389,"D13 (Văn, Sinh, Anh): 24.07 | D01 (Toán, Văn, Anh): 22.90 | B08 (Toán, Sinh, Anh): 22.83 | D08 (Toán, Sinh, Anh): 22.83"
39336809,Nguyễn Đăng Quyết,10A6,english,0.7103985507871454,biology,0.6212527441824066,"D13 (Văn, Sinh, Anh): 23.63 | D01 (Toán, Văn, Anh): 22.43 | B08 (Toán, Sinh, Anh): 22.23 | D08 (Toán, Sinh, Anh): 22.23"
39336938,Nguyễn Doãn Tiến,10A6,english,0.6798480839871133,biology,0.6311427656335976,"D13 (Văn, Sinh, Anh): 23.43 | B08 (Toán, Sinh, Anh): 22.83 | D08 (Toán, Sinh, Anh): 22.83 | D01 (Toán, Văn, Anh): 22.60"
39559382,Nguyễn Minh Tới,10A6,english,0.6905725076257965,biology,0.6200581845382467,"D13 (Văn, Sinh, Anh): 23.57 | D01 (Toán, Văn, Anh): 22.13 | B08 (Toán, Sinh, Anh): 22.10 | D08 (Toán, Sinh, Anh): 22.10"
35092469,Nguyễn Quỳnh Trang,10A6,english,0.6808692745639299,biology,0.6118268143191881,"D13 (Văn, Sinh, Anh): 23.23 | D01 (Toán, Văn, Anh): 22.30 | B08 (Toán, Sinh, Anh): 21.93 | D08 (Toán, Sinh, Anh): 21.93"
40710730,Nguyễn Thùy Trang,10A6,english,0.7055848900449035,biology,0.6227815596254582,"D13 (Văn, Sinh, Anh): 24.83 | B08 (Toán, Sinh, Anh): 24.17 | D08 (Toán, Sinh, Anh): 24.17 | D01 (Toán, Văn, Anh): 24.03"
35092326,Nguyễn Anh Tuấn,10A6,english,0.7258517641931088,biology,0.6816171604483519,"D13 (Văn, Sinh, Anh): 24.33 | B08 (Toán, Sinh, Anh): 23.73 | D08 (Toán, Sinh, Anh): 23.73 | B03 (Toán, Sinh, Văn): 23.07"
39545757,Hoàng Quốc Việt,10A6,english,0.7097930644276403,biology,0.6559257206475945,"D13 (Văn, Sinh, Anh): 25.10 | B08 (Toán, Sinh, Anh): 24.80 | D08 (Toán, Sinh, Anh): 24.80 | D01 (Toán, Văn, Anh): 24.60"
