student_id,student_name,class,top1_subject,top1_score,top2_subject,top2_score
39336821,Kiều Anh,10A1,chemistry,0.6878566044395982,informatics,0.6782523803601703
35584806,Nguyễn Kim Anh,10A1,chemistry,0.667005751646806,informatics,0.6596638041334537
39336862,Nguyễn Thị Ngọc Ánh,10A1,biology,0.6407972481615984,english,0.6392073867608555
35092491,Nguyễn Anh Duy,10A1,chemistry,0.6637724620800725,informatics,0.6498431975384102
35584811,Phạm Khánh Duy,10A1,informatics,0.6381658089563371,chemistry,0.6243165744280798
39336906,Dương Đức Dũng,10A1,informatics,0.6451921991892933,chemistry,0.6132268163333564
40133090,Hoàng Mạnh Dũng,10A1,chemistry,0.6778805211547364,informatics,0.6367142334533771
39336867,Nguyễn Văn Dũng,10A1,informatics,0.6462203560436816,chemistry,0.6462203560436816
48423099,Phạm Anh Dũng,10A1,informatics,0.6535493919316294,physics,0.6290537873596371
35584876,Nguyễn Thế Dương,10A1,chemistry,0.682451665692527,physics,0.6556285214433755
39336754,Dương Tiến Đạt,10A1,informatics,0.6553971198169635,chemistry,0.626861428478995
39559363,Quảng Phương Đông,10A1,chemistry,0.7294915957878287,physics,0.70307179943534
35092267,Lê Nguyễn Anh Đức,10A1,informatics,0.67772613243172,physics,0.6668072261301377
39559321,Lê Tiến Đức,10A1,informatics,0.6513538547960958,chemistry,0.6306083049998561
39336952,Nguyễn Đăng Đức,10A1,chemistry,0.6991658555927899,physics,0.6706785970388813
39336707,Lưu Văn Hai,10A1,informatics,0.6834864235662083,physics,0.670170240959665
39366692,Lê Huy Hào,10A1,informatics,0.6757166016220844,physics,0.6397602467776439
39336836,Nguyễn Trung Hiếu,10A1,informatics,0.6794006283589429,physics,0.6489149570104205
39336875,Nguyễn Minh Huy,10A1,chemistry,0.724319391581785,physics,0.6878964078403927
39336733,Nguyễn Văn Huy,10A1,chemistry,0.6867100573246261,physics,0.6545127228768078
48423104,Nguyễn Văn Hưng,10A1,chemistry,0.7185667087358921,physics,0.6949663284461202
35092414,Nguyễn Thế Khang,10A1,informatics,0.682591140385515,chemistry,0.6558694556890279
39336712,Lưu Quốc Khánh,10A1,chemistry,0.7131649790276555,physics,0.6795526507599621
39366712,Trần Đình Khánh,10A1,informatics,0.6337162918148409,chemistry,0.6297336255982771
48423107,Phạm Anh Khôi,10A1,chemistry,0.6982947368685946,biology,0.6806081729800155
39336968,Nguyễn Văn Kiên,10A1,informatics,0.674981215546132,physics,0.6424152474651751
35584825,Nguyễn Đức Long,10A1,informatics,0.6457971449810701,chemistry,0.6309511834155056
38984754,Nguyễn Thị Hà Ly,10A1,informatics,0.6746907504935029,geography,0.6469579730645834
48423112,Nguyễn Văn Ngà,10A1,chemistry,0.6756631755864371,physics,0.6658427978964923
35092321,Lê Hồng Ngọc,10A1,informatics,0.6045839991701935,chemistry,0.6045839991701935
39336791,Lưu Thị Hồng Ngọc,10A1,informatics,0.6356837464443748,chemistry,0.6356837464443748
39336883,Đỗ Long Nhật,10A1,informatics,0.6653428843503768,physics,0.6499179867129024
39336926,Nguyễn Đăng Long Nhật,10A1,informatics,0.7167541299467074,physics,0.6878075775103992
39366749,Lương Thu Phương,10A1,informatics,0.628765964561643,chemistry,0.628765964561643
40710647,Nguyễn Văn Thảo,10A1,chemistry,0.6851922331059646,physics,0.6790667419547342
39336891,Nguyễn Văn Tiến,10A1,informatics,0.6616981849966548,biology,0.6616981849966548
48423117,Trần Quyết Tiến,10A1,informatics,0.6863259883673865,biology,0.6725776307278944
39336892,Vũ Như Tiến,10A1,informatics,0.667910556527257,physics,0.6642046785305229
39336731,Nguyễn Xuân Trường,10A1,informatics,0.7006182454657675,physics,0.673201016660375
39336732,Nguyễn Duy Vương,10A1,informatics,0.6694967085538478,physics,0.6637605073842557
35092432,Đường Vũ Thuận An,10A2,informatics,0.6510078490888982,chemistry,0.6165928776309259
35092283,Chu Văn Kỳ Anh,10A2,english,0.6643749288891048,informatics,0.6334324377695746
35092279,Nguyễn Thùy Anh,10A2,english,0.6938569406039317,biology,0.6661721473826576
39213447,Tạ Phương Anh,10A2,english,0.6682861561596882,biology,0.6291924202423287
35092440,Trần Phương Anh,10A2,english,0.6862427098727212,biology,0.6314736191660029
48423093,Nguyễn Thị Ngọc Ánh,10A2,english,0.7018822900945153,biology,0.6605355492681254
38904509,Nguyễn Bảo  Châm,10A2,english,0.6773500425514876,biology,0.6518866185093939
48423096,Nguyễn Hoàng Ngọc Châu,10A2,english,0.6965274901063969,biology,0.6529567276462672
39336700,Lưu Thị Diệu Chi,10A2,english,0.6796866602185188,biology,0.6294280307076763
47025003,Vũ Mạnh Cường,10A2,english,0.6884230904176986,biology,0.6501227669033149
39336946,Nguyễn Thị Phương Dung,10A2,english,0.6785781672153701,biology,0.6386383144977259
39336752,Nguyễn Tùng Dương,10A2,english,0.6839725434515287,biology,0.6488666622844314
39559323,Ngô Long Giang,10A2,biology,0.6768412754974809,informatics,0.6563346159161231
39366689,Trần Văn Giang,10A2,english,0.6709799257726772,biology,0.6508208385755385
48424269,Đỗ Hoàng Hảo,10A2,english,0.6770459857822633,biology,0.6260642390434247
39336964,Lưu Thị Khánh Huyền,10A2,english,0.6510705781878269,biology,0.6093142944039942
48422722,Nguyễn Khánh Huyền,10A2,english,0.6948074276049069,biology,0.6515946303097127
39061703,Nguyễn Thanh Huyền,10A2,english,0.6884688023310044,biology,0.6477904936181003
39366709,Nguyễn Thị Khánh Huyền,10A2,english,0.7082653998708807,biology,0.6612733872108266
48423106,Nguyễn Duy Khánh,10A2,english,0.6767871195891835,biology,0.6450299283336808
48424274,Nguyễn Thị Vân Khánh,10A2,english,0.6989617414217519,biology,0.6576543113325883
39336970,Lưu Thị Mai,10A2,english,0.6862495860576102,biology,0.6559442315573568
48424275,Nguyễn Đăng Khoa,10A2,english,0.669469020014195,biology,0.6504892767472731
35092417,Đường Huyền Linh,10A2,english,0.7105306583746409,biology,0.6581752604607732
39336877,Nguyễn Thị Thùy Linh,10A2,english,0.684066595374509,biology,0.6603439837444374
35092268,Nguyễn Thùy Linh,10A2,english,0.6711495084634064,biology,0.6384946272751044
38984760,Dương Bảo Ngọc,10A2,english,0.6824356141153913,biology,0.655050884472525
35092278,Nguyễn Đỗ Yến Nhi,10A2,english,0.703316127602782,biology,0.6718096034199397
39557787,Nguyễn Kiều Oanh,10A2,english,0.6878894908644776,biology,0.6433094973200763
39336887,Nguyễn Ngọc Như Quỳnh,10A2,english,0.701563287231735,biology,0.6680367240798133
39557790,Nguyễn Thị Như Quỳnh,10A2,english,0.6993722383042019,biology,0.669396579013743
35584894,Ngô Lệ Thu,10A2,english,0.6877562789810165,biology,0.6620820106989185
39557793,Nguyễn Thị Minh Thu,10A2,english,0.6994260310004172,biology,0.6692099774140806
39336812,Nguyễn Thị Thùy,10A2,english,0.6906752647719463,biology,0.667310192466068
41005399,Chu Anh Thư,10A2,english,0.6658915419724577,biology,0.6492726855103284
39557795,Nguyễn Thu Trang,10A2,english,0.7095337263941309,biology,0.6694942847952019
39336894,Nguyễn Thùy Trang,10A2,english,0.697648305291773,biology,0.6552668149378542
39336816,Nguyễn Thanh Tuyền,10A2,english,0.7012519800762586,biology,0.658147290439469
41005366,Nguyễn Thị Hồng Vân,10A2,english,0.6945469811517437,biology,0.6562664735440636
35092443,Trần Thế Anh,10A3,english,0.6749903897565206,biology,0.6308521670560479
39336823,Kiều Thị Ánh,10A3,english,0.6735839789603356,biology,0.6405457085385894
39336943,Kim Văn Bắc,10A3,biology,0.6648140613850511,english,0.642264162926354
41005307,Lương Ngọc Cảnh,10A3,english,0.6611266209016213,biology,0.6407280954055053
41005313,Trần Thành Đạt,10A3,english,0.6756847040212327,biology,0.6475767073706009
39366819,Nguyễn Mạnh Hà,10A3,biology,0.6445680639221898,informatics,0.6346039526122877
41005381,Nguyễn Hoàng Hiếu,10A3,english,0.6898896491000429,biology,0.6487578950293185
41005318,Khổng Văn Hiệp,10A3,english,0.6361274926980608,biology,0.6129648360272426
39366693,Trần Đoàn Hiệp,10A3,english,0.6869192004657936,biology,0.6362454457037326
39547017,Nguyễn Đình Hùng,10A3,english,0.6811146695051122,biology,0.6482430939987656
39545740,Lê Thị Hương,10A3,biology,0.6464747288894491,english,0.6205385918853321
39336772,Lưu Quốc Khánh,10A3,biology,0.6604616504314258,geography,0.6379487301629317
39336917,Nguyễn Huy Khôi,10A3,english,0.6391268460927197,biology,0.6117267072201538
39336776,Nguyễn Trung Kiên,10A3,biology,0.6425615875138693,english,0.6169458597568329
39366842,Đặng Thị Mai Lan,10A3,english,0.6782176786303117,biology,0.6607903304572632
39336714,Kiều Thị Ngọc Lan,10A3,english,0.705354200894749,biology,0.6437882655894644
48423108,Nguyễn Bảo Linh,10A3,biology,0.6578625702664859,geography,0.6534526898824481
39557782,Nguyễn Nhật Linh,10A3,biology,0.6297101170426497,informatics,0.6273392367648701
35584824,Nguyễn Tuấn Linh,10A3,english,0.6843560071060723,biology,0.6548922063548641
39366850,Trần Thị Hoài Linh,10A3,english,0.6774842625427304,biology,0.629746615594845
39366860,Lê Đăng Mạnh,10A3,english,0.6553576000167706,biology,0.63213597875193
39366864,Trần Quang Minh,10A3,english,0.6808668298886129,biology,0.6439533640731688
39336845,Nguyễn Thị Huyền My,10A3,english,0.6808607253645087,biology,0.6494709725075775
39336972,Lưu Thúy Nga,10A3,biology,0.6682518511036168,english,0.6527603214020226
41005355,Nguyễn Trung Nguyên,10A3,english,0.685371194032479,biology,0.6589144526742144
39336783,Lưu Xuân Mai,10A3,english,0.7025602523711566,biology,0.6784578847303879
48423113,Trần Khánh Nguyên,10A3,english,0.6787273194025405,biology,0.651508366004975
39559376,Nguyễn Thị Hải Nguyệt,10A3,english,0.679858115931108,biology,0.6610944362159519
39547024,Đặng Long Nhật,10A3,english,0.6508800164252324,biology,0.6193570663531512
48424284,Trần Văn Nhật,10A3,english,0.6852161415233786,biology,0.6433413322636508
39061313,Nguyễn Yến Nhi,10A3,english,0.6930555505277626,biology,0.6688752016946695
39336721,Nguyễn Yến Nhi,10A3,english,0.7130510524543388,biology,0.6833471990421425
39336850,Nguyễn Lưu Minh Phương,10A3,english,0.694717485932488,biology,0.6629348186788099
39336885,Lưu Thị Phượng,10A3,english,0.6696057853681404,biology,0.6559576719141037
39366889,Lê Bảo Quốc,10A3,biology,0.6462230527986803,english,0.6222441629284401
39336852,Nguyễn Thị Hồng Quyên,10A3,informatics,0.6689684498340135,geography,0.6598707284562184
39366755,Nguyễn Văn Quý,10A3,english,0.7109503518624986,biology,0.6787604232449339
48423115,Trần Thị Thùy,10A3,english,0.6887799501269036,biology,0.6650213272776196
39336889,Vũ Thị Anh Thư,10A3,english,0.6873122074178655,biology,0.6634169429835023
39336813,Nguyễn Thị Thuỷ Tiên,10A3,english,0.6717816788325394,biology,0.6525045703105411
48423120,Trần Thị Trang,10A3,english,0.6940179220273975,biology,0.6693994085955981
39366774,Trần Bảo Trâm,10A3,english,0.7082910133435206,biology,0.675017130818806
48423091,Nguyễn Thị Mai Anh,10A4,chemistry,0.6535964633154074,english,0.6381262861539495
39366799,Nguyễn Tuấn Anh,10A4,chemistry,0.6355099342393071,english,0.6130318857027347
48423092,Lê Ngọc Ánh,10A4,chemistry,0.6524586728757852,english,0.6524586728757852
44652470,Nguyễn Gia Bảo,10A4,chemistry,0.6144435621447573,informatics,0.6144435621447573
39336744,Nguyễn Gia Bảo,10A4,chemistry,0.6146851392125556,english,0.5759375425503066
39336864,Nguyễn Duy Bình,10A4,english,0.6474745651375498,chemistry,0.6200690853065937
39336905,Nguyễn Đức Doanh,10A4,chemistry,0.6183396271774793,english,0.5938655250170749
39366685,Lê Anh Duy,10A4,english,0.6501941491225357,chemistry,0.6074671265375913
40710703,Lê Mạnh Dũng,10A4,chemistry,0.6391847291830121,english,0.6148282017365903
35584873,Nguyễn Tiến Dũng,10A4,chemistry,0.6553433229213267,english,0.6222226444423491
39336907,Nguyễn Tiến Dũng,10A4,chemistry,0.5981423755706188,english,0.5981423755706188
35092470,Bùi Quang Định,10A4,english,0.6536277694248261,chemistry,0.613936600825895
41005378,Lương Duy Đông,10A4,informatics,0.6467465155319647,english,0.624599540448517
41005314,Lương Minh Đức,10A4,chemistry,0.6162438602022305,english,0.6162438602022305
39559326,Ngô Thị Hồng Hạnh,10A4,chemistry,0.6464808381247141,english,0.6132059099423729
35092471,Trần Huy Hoàng,10A4,english,0.6349682417104429,chemistry,0.6089069432167586
39336960,Nguyễn Doãn Huy,10A4,chemistry,0.6480138737151382,english,0.6395081518527491
39545738,Nguyễn Quang Huy,10A4,chemistry,0.6658727932797998,biology,0.6172162074774002
48423103,Nguyễn Thanh Huyền,10A4,chemistry,0.6687651573948596,english,0.6294182115124644
35584883,Đỗ Thị Lan Hương,10A4,chemistry,0.6620376587737291,informatics,0.641651063888842
39336767,Nguyễn Thị Lan Hương,10A4,english,0.6919613809486197,biology,0.6520722272568416
35584822,Phạm Duy Lăng,10A4,chemistry,0.6616443809926666,english,0.6342112422292787
48423109,Nguyễn Việt Long,10A4,chemistry,0.6407015905637601,english,0.6269814570706616
39547021,Đặng Tiến Lợi,10A4,chemistry,0.6621238844053994,english,0.6350340352115748
48423110,Nguyễn Lê Hường Ly,10A4,chemistry,0.6497861588441437,informatics,0.62609990255732
39366725,Trần Xuân Mai,10A4,chemistry,0.638916923980471,english,0.6173078302566997
35092436,Lưu Diệp Minh,10A4,english,0.653968835543058,biology,0.6424658240198448
39363591,Nguyễn Duy Nam,10A4,chemistry,0.6598870811174737,english,0.6336182013741352
35092272,Trần Hoàng Nam,10A4,english,0.6712234489811104,biology,0.643882768205281
39336881,Nguyễn Ánh Ngọc,10A4,chemistry,0.6453491620223559,english,0.6290363654264043
39336886,Nguyễn Minh Quyết,10A4,english,0.6601079149780019,biology,0.6367918903908549
39557789,Hoàng Thúy Quỳnh,10A4,chemistry,0.6482611053448739,english,0.6378177478213469
48423116,Lê Anh Thư,10A4,chemistry,0.6364976088999835,english,0.6110320470351766
39336855,Nguyễn Ngọc Tiến,10A4,english,0.6777086219642066,biology,0.6402022543847585
39547037,Lê Thùy Trang,10A4,english,0.6673518931770897,chemistry,0.6185501810401547
41005365,Nguyễn Thị Thùy Trang,10A4,english,0.6456055789845241,chemistry,0.6008799252385487
40656029,Nguyễn Đức Trí,10A4,english,0.659949117309906,informatics,0.6158763592637968
48424293,Đặng Quốc Trung,10A4,chemistry,0.6475173432777109,geography,0.6152004471540167
41005367,Dương Phương Vy,10A4,chemistry,0.6394939328124113,english,0.604704109963502
48423121,Nguyễn Khánh Vy,10A4,english,0.6587809186665375,biology,0.6375002532506617
39366793,Đỗ Tiến Anh,10A5,chemistry,0.6175206427847142,english,0.5839770147991347
41005371,Đỗ Tuấn Anh,10A5,english,0.5871387262946026,chemistry,0.5556536869527899
39336740,Nguyễn Văn Tuấn Anh,10A5,english,0.637872807007976,informatics,0.6252658380854436
39559355,Tô Thị Lan Anh,10A5,chemistry,0.621344977951451,english,0.5971752271819798
39336908,Nguyễn Văn Hải Duy,10A5,chemistry,0.5989705203958806,english,0.5758415104899992
39336866,Đỗ Mạnh Dũng,10A5,chemistry,0.6302492809881308,informatics,0.5986173406143034
39336750,Đỗ Văn Dũng,10A5,english,0.6519630796829403,informatics,0.6227547054073874
39559316,Hoàng Mạnh Dũng,10A5,chemistry,0.6154759797526879,english,0.5850177003260988
39061695,Nguyễn Việt Dũng,10A5,chemistry,0.624018194730284,english,0.6078772339904832
39336824,Dương Tùng Dương,10A5,chemistry,0.6216713870866958,informatics,0.5972705502468215
39366686,Lê Thế Đan,10A5,chemistry,0.5924604005928177,informatics,0.5868230377592372
35092303,Nguyễn Trường Đăng,10A5,chemistry,0.5954298457759809,informatics,0.5872899229931424
35584842,Nguyễn Xuân Đức,10A5,english,0.6385795284319997,informatics,0.6095691901982434
39336953,Nguyễn Thị Quỳnh Giang,10A5,chemistry,0.6301224775299461,informatics,0.6024396227507649
39366816,Lê Huy Giáp,10A5,english,0.6632932310874794,chemistry,0.6278535357408588
39336956,Nguyễn Duy Hiếu,10A5,english,0.6437539744585035,informatics,0.5978833175884127
39336914,Nguyễn Huy Hiếu,10A5,chemistry,0.6284952035927267,informatics,0.6014825016158215
48424272,Đỗ Thị Huệ,10A5,chemistry,0.6583952393234326,informatics,0.6310155013048242
35092479,Nguyễn Quang Huy,10A5,english,0.6637585822809584,chemistry,0.6121239651709335
39336766,Lưu Thị Khánh Huyền,10A5,english,0.652055672330222,biology,0.6142432225073557
35092386,Nguyễn Tuấn Hùng,10A5,chemistry,0.6568291843705738,informatics,0.6239205173665376
35584848,Bùi Thúy Hường,10A5,chemistry,0.6407697507695318,geography,0.6179085822032606
35584850,Dương Ngọc Linh,10A5,chemistry,0.6401339347315123,geography,0.6083509958549382
39559373,Thạch Thị Kiều Linh,10A5,chemistry,0.6188850413058025,english,0.5947577896345886
39336843,Nguyễn Thị Bích Loan,10A5,chemistry,0.6148835852697478,english,0.5854744236945164
39336844,Nguyễn Đăng Lượng,10A5,english,0.6335277259356552,chemistry,0.5751224681562692
48423111,Nguyễn Thị Ngọc Mai,10A5,chemistry,0.632447772674881,english,0.6079357928990909
39366856,Vũ Thị Quỳnh Mai,10A5,chemistry,0.6127669950882887,english,0.6021113426102558
39336789,Nguyễn Vũ Diễm My,10A5,chemistry,0.6154334700503156,english,0.594456843194999
39336796,Đỗ Gia Nhật,10A5,chemistry,0.6031087944344921,informatics,0.5797276012053411
39336805,Nguyễn Huy Phúc,10A5,chemistry,0.6467650196433349,informatics,0.6317439189772798
40710724,Nguyễn Thái Sơn,10A5,chemistry,0.6175828343738237,english,0.5787443964063335
39366901,Trần Công Tấn,10A5,chemistry,0.640646210693893,english,0.6066790049560957
39336888,Nguyễn Thị Thanh Thúy,10A5,chemistry,0.6314279084507457,english,0.6040933292016841
39336980,Nguyễn Thị Minh Trang,10A5,chemistry,0.6397066974567578,english,0.6058320641646155
40679643,Nguyễn Ngọc Tuấn,10A5,chemistry,0.6189131031740898,geography,0.597174449711414
39366916,Trần Ngọc Tuấn,10A5,english,0.6699550999638182,biology,0.625321607647312
41005369,Tạ Thị Hoàng Yến,10A5,chemistry,0.6416165596462299,informatics,0.6088775173546842
39336861,Nguyễn Lan Anh,10A6,english,0.7127591923014949,biology,0.64811080644063
39366795,Nguyễn Ngô Nhật Anh,10A6,english,0.6257112519200718,biology,0.5810996077020864
35092378,Trần Tuấn Anh,10A6,english,0.6716615252652495,biology,0.605041793676554
39197827,Trần Gia Bảo,10A6,english,0.6728041693280475,biology,0.6311499250667827
39336945,Nguyễn Thị Huyền Diệu,10A6,english,0.6889452106870251,biology,0.6278683950013066
35092345,Lê Việt Dũng,10A6,english,0.6904211755024346,biology,0.6364615490570082
48423100,Nguyễn Tiến Đạt,10A6,english,0.6817967351346815,biology,0.6165692418233468
48424271,Nguyễn Thành Hiệp,10A6,english,0.6930218811888527,biology,0.6599900912843626
40679625,Nguyễn Thị Hồng Hoa,10A6,english,0.6849636811909313,biology,0.6066600543541906
39336959,Hoàng Thu Hòa,10A6,english,0.6921206110768707,biology,0.5992062779239906
39366836,Đỗ Gia Huy,10A6,english,0.68018905436936,biology,0.6238404568327949
39366708,Lê Xuân Huy,10A6,english,0.689636083758606,biology,0.6278192635985809
39195218,Đỗ Duy Khánh,10A6,english,0.6728330030242466,biology,0.5954472916678277
41005386,Đỗ Anh Khoa,10A6,english,0.7099583471944213,biology,0.6389440486544634
35584886,Dương Mỹ Lệ,10A6,english,0.7002873995393512,biology,0.6191468835391569
35092393,Đường Mai Linh,10A6,english,0.6888662087724553,biology,0.6342509220160376
35092422,Nguyễn Mai Loan,10A6,english,0.7196286281793052,biology,0.6465047091627053
48424279,Lê Thành Long,10A6,english,0.6912362030171713,biology,0.6142026929879418
39336922,Nguyễn Thị Xuân Mai,10A6,english,0.6538868073680164,biology,0.5840931273038914
40652363,Lưu Đức Mạnh,10A6,english,0.672301590978672,biology,0.6202095848216311
35092399,Nguyễn Lê Trà My,10A6,english,0.7251659742774532,biology,0.6503806018297659
40710644,Trần Minh Nguyệt,10A6,english,0.7116739679256134,biology,0.6202041054352038
39366875,Trần Ngọc Nhật,10A6,english,0.6967461139569971,biology,0.6458286378397766
48424285,Lê Trần Công Phi,10A6,english,0.6987129202626409,biology,0.6413577149834943
40710680,Lê Thị Ngọc Phương,10A6,english,0.6794157625879963,biology,0.6184574047492668
39336976,Nguyễn Ngọc Thu Phương,10A6,english,0.7009782454970579,biology,0.6347168125870603
39336809,Nguyễn Đăng Quyết,10A6,english,0.7108243073897296,biology,0.6213845708170007
39336938,Nguyễn Doãn Tiến,10A6,english,0.6794267768126243,biology,0.6311480100566188
39559382,Nguyễn Minh Tới,10A6,english,0.6905729619405265,biology,0.620115569166876
35092469,Nguyễn Quỳnh Trang,10A6,english,0.6808349224495677,biology,0.611878022026847
40710730,Nguyễn Thùy Trang,10A6,english,0.7056306586188508,biology,0.6227704163978234
35092326,Nguyễn Anh Tuấn,10A6,english,0.7255899061362716,biology,0.681695488649423
39545757,Hoàng Quốc Việt,10A6,english,0.709365643509768,biology,0.6560776140012484
