student_id,student_name,class,top1_subject,top1_score,top2_subject,top2_score,label_source,combination_1_code,combination_1_subjects,combination_1_score,combination_2_code,combination_2_subjects,combination_2_score,combination_3_code,combination_3_subjects,combination_3_score,combination_4_code,combination_4_subjects,combination_4_score
39336821,Kiều Anh,10A1,chemistry,0.7095,informatics,0.6896,final_counseling_results_pseudo_label,X10,"Toán, Hóa, Tin học",23.67,C02,"Văn, Toán, Hóa",22.8,X02,"Toán, Văn, Tin học",22.77,,,
35584806,Nguyễn Kim Anh,10A1,chemistry,0.6999,informatics,0.6626,final_counseling_results_pseudo_label,X10,"Toán, Hóa, Tin học",23.47,C02,"Văn, Toán, Hóa",22.93,X02,"Toán, Văn, Tin học",22.6,,,
39336862,Nguyễn Thị Ngọc Ánh,10A1,biology,0.648,informatics,0.6259,final_counseling_results_pseudo_label,B03,"Toán, Sinh, Văn",22.1,X02,"Toán, Văn, Tin học",21.97,X14,"Toán, Sinh, Tin học",21.67,,,
35092491,Nguyễn Anh Duy,10A1,chemistry,0.6772,informatics,0.6718,final_counseling_results_pseudo_label,X10,"Toán, Hóa, Tin học",23.6,C02,"Văn, Toán, Hóa",23.27,X02,"Toán, Văn, Tin học",23.2,,,
35584811,Phạm Khánh Duy,10A1,informatics,0.6547,history,0.6431,final_counseling_results_pseudo_label,X71,"Văn, Sử, Tin học",23.13,X02,"Toán, Văn, Tin học",22.47,C03,"Văn, Toán, Sử",22.0,,,
39336906,Dương Đức Dũng,10A1,informatics,0.6235,chemistry,0.6001,final_counseling_results_pseudo_label,X02,"Toán, Văn, Tin học",21.53,C02,"Văn, Toán, Hóa",20.67,X10,"Toán, Hóa, Tin học",20.6,,,
40133090,Hoàng Mạnh Dũng,10A1,chemistry,0.6285,informatics,0.6253,final_counseling_results_pseudo_label,X02,"Toán, Văn, Tin học",22.7,C02,"Văn, Toán, Hóa",22.67,X10,"Toán, Hóa, Tin học",22.63,,,
39336867,Nguyễn Văn Dũng,10A1,informatics,0.6632,chemistry,0.6274,final_counseling_results_pseudo_label,X10,"Toán, Hóa, Tin học",22.53,C02,"Văn, Toán, Hóa",22.27,X02,"Toán, Văn, Tin học",22.2,,,
48423099,Phạm Anh Dũng,10A1,informatics,0.6589,history,0.617,final_counseling_results_pseudo_label,X71,"Văn, Sử, Tin học",22.73,X02,"Toán, Văn, Tin học",22.13,C03,"Văn, Toán, Sử",21.6,,,
35584876,Nguyễn Thế Dương,10A1,chemistry,0.6741,informatics,0.6664,final_counseling_results_pseudo_label,X10,"Toán, Hóa, Tin học",23.37,C02,"Văn, Toán, Hóa",22.73,X02,"Toán, Văn, Tin học",22.57,,,
39336754,Dương Tiến Đạt,10A1,informatics,0.6526,chemistry,0.6473,final_counseling_results_pseudo_label,X02,"Toán, Văn, Tin học",21.43,X10,"Toán, Hóa, Tin học",21.37,C02,"Văn, Toán, Hóa",21.03,,,
39559363,Quảng Phương Đông,10A1,chemistry,0.7679,physics,0.7105,final_counseling_results_pseudo_label,A00,"Toán, Lý, Hóa",26.83,C02,"Văn, Toán, Hóa",26.4,C01,"Văn, Toán, Lý",25.37,,,
35092267,Lê Nguyễn Anh Đức,10A1,chemistry,0.689,informatics,0.6871,final_counseling_results_pseudo_label,X10,"Toán, Hóa, Tin học",23.73,C02,"Văn, Toán, Hóa",23.3,X02,"Toán, Văn, Tin học",23.03,,,
39559321,Lê Tiến Đức,10A1,informatics,0.6597,chemistry,0.6284,final_counseling_results_pseudo_label,X10,"Toán, Hóa, Tin học",21.53,X02,"Toán, Văn, Tin học",21.5,C02,"Văn, Toán, Hóa",20.77,,,
39336952,Nguyễn Đăng Đức,10A1,chemistry,0.7073,physics,0.7025,final_counseling_results_pseudo_label,A00,"Toán, Lý, Hóa",24.93,C02,"Văn, Toán, Hóa",24.2,C01,"Văn, Toán, Lý",24.13,,,
39336707,Lưu Văn Hai,10A1,informatics,0.6779,chemistry,0.6667,final_counseling_results_pseudo_label,X10,"Toán, Hóa, Tin học",23.87,C02,"Văn, Toán, Hóa",23.43,X02,"Toán, Văn, Tin học",23.43,,,
39366692,Lê Huy Hào,10A1,informatics,0.6466,physics,0.6413,final_counseling_results_pseudo_label,X06,"Toán, Lý, Tin học",21.23,X02,"Toán, Văn, Tin học",21.07,C01,"Văn, Toán, Lý",20.67,,,
39336836,Nguyễn Trung Hiếu,10A1,informatics,0.6695,chemistry,0.6393,final_counseling_results_pseudo_label,X02,"Toán, Văn, Tin học",24.23,C02,"Văn, Toán, Hóa",24.07,X10,"Toán, Hóa, Tin học",23.97,,,
39336875,Nguyễn Minh Huy,10A1,chemistry,0.759,physics,0.6975,final_counseling_results_pseudo_label,A00,"Toán, Lý, Hóa",25.67,C02,"Văn, Toán, Hóa",25.27,C01,"Văn, Toán, Lý",23.87,,,
39336733,Nguyễn Văn Huy,10A1,chemistry,0.7101,physics,0.6484,final_counseling_results_pseudo_label,C02,"Văn, Toán, Hóa",23.53,A00,"Toán, Lý, Hóa",23.4,C01,"Văn, Toán, Lý",22.47,,,
48423104,Nguyễn Văn Hưng,10A1,chemistry,0.7291,informatics,0.7038,final_counseling_results_pseudo_label,X10,"Toán, Hóa, Tin học",25.1,C02,"Văn, Toán, Hóa",24.63,X02,"Toán, Văn, Tin học",24.0,,,
35092414,Nguyễn Thế Khang,10A1,informatics,0.6742,chemistry,0.6637,final_counseling_results_pseudo_label,X10,"Toán, Hóa, Tin học",22.83,C02,"Văn, Toán, Hóa",22.57,X02,"Toán, Văn, Tin học",22.37,,,
39336712,Lưu Quốc Khánh,10A1,chemistry,0.7481,informatics,0.6609,final_counseling_results_pseudo_label,X10,"Toán, Hóa, Tin học",25.73,C02,"Văn, Toán, Hóa",25.43,X02,"Toán, Văn, Tin học",24.07,,,
39366712,Trần Đình Khánh,10A1,informatics,0.663,chemistry,0.6559,final_counseling_results_pseudo_label,X02,"Toán, Văn, Tin học",22.47,X10,"Toán, Hóa, Tin học",22.23,C02,"Văn, Toán, Hóa",21.8,,,
48423107,Phạm Anh Khôi,10A1,physics,0.6893,biology,0.679,final_counseling_results_pseudo_label,A02,"Toán, Lý, Sinh",25.5,C01,"Văn, Toán, Lý",24.93,B03,"Toán, Sinh, Văn",24.8,,,
39336968,Nguyễn Văn Kiên,10A1,informatics,0.7068,physics,0.6166,final_counseling_results_pseudo_label,X02,"Toán, Văn, Tin học",23.83,X06,"Toán, Lý, Tin học",23.37,C01,"Văn, Toán, Lý",22.17,,,
35584825,Nguyễn Đức Long,10A1,informatics,0.6434,physics,0.6132,final_counseling_results_pseudo_label,X02,"Toán, Văn, Tin học",21.83,X06,"Toán, Lý, Tin học",21.5,C01,"Văn, Toán, Lý",21.17,,,
38984754,Nguyễn Thị Hà Ly,10A1,geography,0.6852,informatics,0.6523,final_counseling_results_pseudo_label,X02,"Toán, Văn, Tin học",24.47,C04,"Văn, Toán, Địa",24.43,X22,"Toán, Địa, Tin học",24.2,,,
48423112,Nguyễn Văn Ngà,10A1,chemistry,0.6719,physics,0.67,final_counseling_results_pseudo_label,C02,"Văn, Toán, Hóa",23.47,A00,"Toán, Lý, Hóa",23.33,C01,"Văn, Toán, Lý",23.2,,,
35092321,Lê Hồng Ngọc,10A1,history,0.7124,informatics,0.6428,final_counseling_results_pseudo_label,X71,"Văn, Sử, Tin học",24.03,C03,"Văn, Toán, Sử",22.87,X02,"Toán, Văn, Tin học",22.4,,,
39336791,Lưu Thị Hồng Ngọc,10A1,informatics,0.6534,physics,0.6472,final_counseling_results_pseudo_label,X02,"Toán, Văn, Tin học",22.33,C01,"Văn, Toán, Lý",22.07,X06,"Toán, Lý, Tin học",22.0,,,
39336883,Đỗ Long Nhật,10A1,informatics,0.666,biology,0.6422,final_counseling_results_pseudo_label,X14,"Toán, Sinh, Tin học",22.37,X02,"Toán, Văn, Tin học",22.27,B03,"Toán, Sinh, Văn",22.03,,,
39336926,Nguyễn Đăng Long Nhật,10A1,informatics,0.7079,physics,0.6937,final_counseling_results_pseudo_label,X06,"Toán, Lý, Tin học",25.27,X02,"Toán, Văn, Tin học",24.7,C01,"Văn, Toán, Lý",24.4,,,
39366749,Lương Thu Phương,10A1,physics,0.6549,chemistry,0.6508,final_counseling_results_pseudo_label,C01,"Văn, Toán, Lý",21.8,A00,"Toán, Lý, Hóa",21.53,C02,"Văn, Toán, Hóa",21.47,,,
40710647,Nguyễn Văn Thảo,10A1,physics,0.7077,chemistry,0.6938,final_counseling_results_pseudo_label,A00,"Toán, Lý, Hóa",24.5,C01,"Văn, Toán, Lý",24.27,C02,"Văn, Toán, Hóa",23.8,,,
39336891,Nguyễn Văn Tiến,10A1,informatics,0.6715,biology,0.6688,final_counseling_results_pseudo_label,X02,"Toán, Văn, Tin học",23.23,X14,"Toán, Sinh, Tin học",23.23,B03,"Toán, Sinh, Văn",22.8,,,
48423117,Trần Quyết Tiến,10A1,informatics,0.675,biology,0.6724,final_counseling_results_pseudo_label,X14,"Toán, Sinh, Tin học",24.13,B03,"Toán, Sinh, Văn",23.77,X02,"Toán, Văn, Tin học",23.73,,,
39336892,Vũ Như Tiến,10A1,informatics,0.6793,chemistry,0.6785,final_counseling_results_pseudo_label,X10,"Toán, Hóa, Tin học",23.47,X02,"Toán, Văn, Tin học",23.1,C02,"Văn, Toán, Hóa",22.9,,,
39336731,Nguyễn Xuân Trường,10A1,informatics,0.6963,physics,0.6571,final_counseling_results_pseudo_label,X06,"Toán, Lý, Tin học",23.67,X02,"Toán, Văn, Tin học",23.63,C01,"Văn, Toán, Lý",23.07,,,
39336732,Nguyễn Duy Vương,10A1,informatics,0.6597,physics,0.6522,final_counseling_results_pseudo_label,X02,"Toán, Văn, Tin học",23.9,X06,"Toán, Lý, Tin học",23.73,C01,"Văn, Toán, Lý",23.4,,,
35092432,Đường Vũ Thuận An,10A2,informatics,0.6252,biology,0.5915,final_counseling_results_pseudo_label,X02,"Toán, Văn, Tin học",22.63,B03,"Toán, Sinh, Văn",22.13,X14,"Toán, Sinh, Tin học",22.13,,,
35092283,Chu Văn Kỳ Anh,10A2,english,0.6766,informatics,0.6471,final_counseling_results_pseudo_label,X02,"Toán, Văn, Tin học",24.1,D01,"Toán, Văn, Anh",24.07,X26,"Toán, Anh, Tin học",23.7,,,
35092279,Nguyễn Thùy Anh,10A2,english,0.6945,biology,0.6774,final_counseling_results_pseudo_label,D13,"Văn, Sinh, Anh",25.77,D01,"Toán, Văn, Anh",25.33,B03,"Toán, Sinh, Văn",25.3,B08,"Toán, Sinh, Anh",25.0
39213447,Tạ Phương Anh,10A2,english,0.715,biology,0.6347,final_counseling_results_pseudo_label,D13,"Văn, Sinh, Anh",23.4,B08,"Toán, Sinh, Anh",22.37,D08,"Toán, Sinh, Anh",22.37,D01,"Toán, Văn, Anh",21.23
35092440,Trần Phương Anh,10A2,english,0.7319,biology,0.6407,final_counseling_results_pseudo_label,D13,"Văn, Sinh, Anh",24.7,B08,"Toán, Sinh, Anh",23.67,D08,"Toán, Sinh, Anh",23.67,D01,"Toán, Văn, Anh",23.03
48423093,Nguyễn Thị Ngọc Ánh,10A2,biology,0.6834,english,0.6656,final_counseling_results_pseudo_label,D13,"Văn, Sinh, Anh",24.87,B08,"Toán, Sinh, Anh",23.13,D08,"Toán, Sinh, Anh",23.13,B03,"Toán, Sinh, Văn",23.03
38904509,Nguyễn Bảo  Châm,10A2,english,0.6788,geography,0.6627,final_counseling_results_pseudo_label,D15,"Văn, Địa, Anh",24.03,D10,"Toán, Địa, Anh",22.37,C04,"Văn, Toán, Địa",21.63,D01,"Toán, Văn, Anh",21.57
48423096,Nguyễn Hoàng Ngọc Châu,10A2,english,0.6772,biology,0.6485,final_counseling_results_pseudo_label,D13,"Văn, Sinh, Anh",23.4,B03,"Toán, Sinh, Văn",22.27,D01,"Toán, Văn, Anh",22.27,B08,"Toán, Sinh, Anh",22.17
39336700,Lưu Thị Diệu Chi,10A2,biology,0.6446,english,0.6235,final_counseling_results_pseudo_label,D13,"Văn, Sinh, Anh",23.57,B08,"Toán, Sinh, Anh",22.8,D08,"Toán, Sinh, Anh",22.8,B03,"Toán, Sinh, Văn",22.53
47025003,Vũ Mạnh Cường,10A2,english,0.7053,biology,0.6534,final_counseling_results_pseudo_label,D13,"Văn, Sinh, Anh",24.7,D01,"Toán, Văn, Anh",24.6,B08,"Toán, Sinh, Anh",24.53,D08,"Toán, Sinh, Anh",24.53
39336946,Nguyễn Thị Phương Dung,10A2,english,0.6798,informatics,0.6304,final_counseling_results_pseudo_label,D01,"Toán, Văn, Anh",25.13,X02,"Toán, Văn, Tin học",24.63,X26,"Toán, Anh, Tin học",24.6,,,
39336752,Nguyễn Tùng Dương,10A2,english,0.683,biology,0.6724,final_counseling_results_pseudo_label,D13,"Văn, Sinh, Anh",24.67,D01,"Toán, Văn, Anh",24.63,B03,"Toán, Sinh, Văn",24.6,B08,"Toán, Sinh, Anh",24.6
39559323,Ngô Long Giang,10A2,biology,0.6872,informatics,0.639,final_counseling_results_pseudo_label,B03,"Toán, Sinh, Văn",25.67,X02,"Toán, Văn, Tin học",25.2,X14,"Toán, Sinh, Tin học",24.9,,,
39366689,Trần Văn Giang,10A2,english,0.6681,biology,0.6656,final_counseling_results_pseudo_label,D13,"Văn, Sinh, Anh",24.93,B03,"Toán, Sinh, Văn",24.67,D01,"Toán, Văn, Anh",24.67,B08,"Toán, Sinh, Anh",24.43
48424269,Đỗ Hoàng Hảo,10A2,english,0.6969,biology,0.6368,final_counseling_results_pseudo_label,D13,"Văn, Sinh, Anh",24.3,B08,"Toán, Sinh, Anh",23.07,D08,"Toán, Sinh, Anh",23.07,B03,"Toán, Sinh, Văn",22.57
39336964,Lưu Thị Khánh Huyền,10A2,english,0.67,biology,0.5917,final_counseling_results_pseudo_label,D13,"Văn, Sinh, Anh",22.77,B08,"Toán, Sinh, Anh",21.47,D08,"Toán, Sinh, Anh",21.47,D01,"Toán, Văn, Anh",20.6
48422722,Nguyễn Khánh Huyền,10A2,english,0.6974,biology,0.6495,final_counseling_results_pseudo_label,D13,"Văn, Sinh, Anh",23.8,B08,"Toán, Sinh, Anh",22.5,D08,"Toán, Sinh, Anh",22.5,D01,"Toán, Văn, Anh",21.7
39061703,Nguyễn Thanh Huyền,10A2,english,0.7015,biology,0.6529,final_counseling_results_pseudo_label,D13,"Văn, Sinh, Anh",23.73,B08,"Toán, Sinh, Anh",21.93,D08,"Toán, Sinh, Anh",21.93,B03,"Toán, Sinh, Văn",21.53
39366709,Nguyễn Thị Khánh Huyền,10A2,english,0.7298,biology,0.6616,final_counseling_results_pseudo_label,D13,"Văn, Sinh, Anh",24.57,B08,"Toán, Sinh, Anh",24.23,D08,"Toán, Sinh, Anh",24.23,D01,"Toán, Văn, Anh",23.77
48423106,Nguyễn Duy Khánh,10A2,english,0.6701,biology,0.6445,final_counseling_results_pseudo_label,D13,"Văn, Sinh, Anh",24.83,D01,"Toán, Văn, Anh",24.1,B03,"Toán, Sinh, Văn",23.73,B08,"Toán, Sinh, Anh",23.63
48424274,Nguyễn Thị Vân Khánh,10A2,english,0.6924,biology,0.6721,final_counseling_results_pseudo_label,D13,"Văn, Sinh, Anh",25.47,B08,"Toán, Sinh, Anh",24.5,D08,"Toán, Sinh, Anh",24.5,B03,"Toán, Sinh, Văn",24.47
39336970,Lưu Thị Mai,10A2,english,0.6987,biology,0.6716,final_counseling_results_pseudo_label,D13,"Văn, Sinh, Anh",24.8,B08,"Toán, Sinh, Anh",23.87,D08,"Toán, Sinh, Anh",23.87,B03,"Toán, Sinh, Văn",23.57
48424275,Nguyễn Đăng Khoa,10A2,biology,0.6635,english,0.6423,final_counseling_results_pseudo_label,D13,"Văn, Sinh, Anh",23.7,B08,"Toán, Sinh, Anh",22.7,D08,"Toán, Sinh, Anh",22.7,B03,"Toán, Sinh, Văn",22.33
35092417,Đường Huyền Linh,10A2,english,0.71,biology,0.6771,final_counseling_results_pseudo_label,D13,"Văn, Sinh, Anh",24.3,B08,"Toán, Sinh, Anh",23.37,D08,"Toán, Sinh, Anh",23.37,B03,"Toán, Sinh, Văn",22.5
39336877,Nguyễn Thị Thùy Linh,10A2,english,0.6819,biology,0.645,final_counseling_results_pseudo_label,D13,"Văn, Sinh, Anh",23.63,B08,"Toán, Sinh, Anh",22.73,D08,"Toán, Sinh, Anh",22.73,B03,"Toán, Sinh, Văn",22.7
35092268,Nguyễn Thùy Linh,10A2,english,0.697,biology,0.6684,final_counseling_results_pseudo_label,D13,"Văn, Sinh, Anh",24.6,B08,"Toán, Sinh, Anh",23.53,D08,"Toán, Sinh, Anh",23.53,B03,"Toán, Sinh, Văn",22.9
38984760,Dương Bảo Ngọc,10A2,english,0.6516,chemistry,0.6418,final_counseling_results_pseudo_label,D12,"Văn, Hóa, Anh",23.5,C02,"Văn, Toán, Hóa",22.83,D07,"Toán, Hóa, Anh",22.53,D01,"Toán, Văn, Anh",22.43
35092278,Nguyễn Đỗ Yến Nhi,10A2,biology,0.6878,english,0.682,final_counseling_results_pseudo_label,D13,"Văn, Sinh, Anh",26.0,B03,"Toán, Sinh, Văn",25.6,D01,"Toán, Văn, Anh",25.37,B08,"Toán, Sinh, Anh",25.23
39557787,Nguyễn Kiều Oanh,10A2,informatics,0.644,biology,0.629,final_counseling_results_pseudo_label,B03,"Toán, Sinh, Văn",24.83,X02,"Toán, Văn, Tin học",24.83,X14,"Toán, Sinh, Tin học",24.17,,,
39336887,Nguyễn Ngọc Như Quỳnh,10A2,informatics,0.6857,english,0.6581,final_counseling_results_pseudo_label,X26,"Toán, Anh, Tin học",22.77,X02,"Toán, Văn, Tin học",22.67,D01,"Toán, Văn, Anh",22.03,,,
39557790,Nguyễn Thị Như Quỳnh,10A2,english,0.6912,biology,0.6664,final_counseling_results_pseudo_label,D13,"Văn, Sinh, Anh",25.13,B08,"Toán, Sinh, Anh",24.43,D08,"Toán, Sinh, Anh",24.43,B03,"Toán, Sinh, Văn",24.23
35584894,Ngô Lệ Thu,10A2,english,0.7115,biology,0.6466,final_counseling_results_pseudo_label,D13,"Văn, Sinh, Anh",24.97,B08,"Toán, Sinh, Anh",23.47,D08,"Toán, Sinh, Anh",23.47,D01,"Toán, Văn, Anh",23.33
39557793,Nguyễn Thị Minh Thu,10A2,english,0.7066,biology,0.6509,final_counseling_results_pseudo_label,D13,"Văn, Sinh, Anh",25.43,D01,"Toán, Văn, Anh",24.83,B08,"Toán, Sinh, Anh",24.7,D08,"Toán, Sinh, Anh",24.7
39336812,Nguyễn Thị Thùy,10A2,biology,0.6698,english,0.6514,final_counseling_results_pseudo_label,D13,"Văn, Sinh, Anh",25.3,B03,"Toán, Sinh, Văn",24.6,D01,"Toán, Văn, Anh",24.47,B08,"Toán, Sinh, Anh",24.23
41005399,Chu Anh Thư,10A2,english,0.6803,biology,0.6392,final_counseling_results_pseudo_label,D13,"Văn, Sinh, Anh",24.7,D01,"Toán, Văn, Anh",23.83,B03,"Toán, Sinh, Văn",23.8,B08,"Toán, Sinh, Anh",23.67
39557795,Nguyễn Thu Trang,10A2,english,0.6902,biology,0.6711,final_counseling_results_pseudo_label,D13,"Văn, Sinh, Anh",25.3,B03,"Toán, Sinh, Văn",24.1,D01,"Toán, Văn, Anh",24.07,B08,"Toán, Sinh, Anh",23.43
39336894,Nguyễn Thùy Trang,10A2,english,0.6935,biology,0.6384,final_counseling_results_pseudo_label,D13,"Văn, Sinh, Anh",25.67,D01,"Toán, Văn, Anh",25.0,B03,"Toán, Sinh, Văn",24.83,B08,"Toán, Sinh, Anh",24.7
39336816,Nguyễn Thanh Tuyền,10A2,english,0.7084,biology,0.6525,final_counseling_results_pseudo_label,D13,"Văn, Sinh, Anh",24.3,B08,"Toán, Sinh, Anh",23.33,D08,"Toán, Sinh, Anh",23.33,D01,"Toán, Văn, Anh",23.27
41005366,Nguyễn Thị Hồng Vân,10A2,english,0.7123,biology,0.653,final_counseling_results_pseudo_label,D13,"Văn, Sinh, Anh",24.57,B08,"Toán, Sinh, Anh",23.37,D08,"Toán, Sinh, Anh",23.37,D01,"Toán, Văn, Anh",22.73
35092443,Trần Thế Anh,10A3,english,0.657,geography,0.6154,final_counseling_results_pseudo_label,D15,"Văn, Địa, Anh",23.6,D01,"Toán, Văn, Anh",23.33,C04,"Văn, Toán, Địa",23.2,D10,"Toán, Địa, Anh",22.87
39336823,Kiều Thị Ánh,10A3,biology,0.6418,english,0.629,final_counseling_results_pseudo_label,D13,"Văn, Sinh, Anh",23.8,B03,"Toán, Sinh, Văn",23.5,D01,"Toán, Văn, Anh",23.27,B08,"Toán, Sinh, Anh",22.83
39336943,Kim Văn Bắc,10A3,english,0.6707,biology,0.6627,final_counseling_results_pseudo_label,D13,"Văn, Sinh, Anh",24.77,D01,"Toán, Văn, Anh",23.63,B03,"Toán, Sinh, Văn",23.57,B08,"Toán, Sinh, Anh",23.03
41005307,Lương Ngọc Cảnh,10A3,biology,0.6563,geography,0.6352,final_counseling_results_pseudo_label,B03,"Toán, Sinh, Văn",22.73,C04,"Văn, Toán, Địa",22.17,B02,"Toán, Sinh, Địa",21.57,,,
41005313,Trần Thành Đạt,10A3,english,0.6452,physics,0.644,final_counseling_results_pseudo_label,C01,"Văn, Toán, Lý",23.5,D01,"Toán, Văn, Anh",23.4,D11,"Văn, Lý, Anh",23.27,A01,"Toán, Lý, Anh",23.03
39366819,Nguyễn Mạnh Hà,10A3,biology,0.6448,informatics,0.643,final_counseling_results_pseudo_label,X02,"Toán, Văn, Tin học",23.67,B03,"Toán, Sinh, Văn",23.43,X14,"Toán, Sinh, Tin học",23.07,,,
41005381,Nguyễn Hoàng Hiếu,10A3,physics,0.6552,english,0.6519,final_counseling_results_pseudo_label,D11,"Văn, Lý, Anh",23.37,C01,"Văn, Toán, Lý",23.03,D01,"Toán, Văn, Anh",23.03,A01,"Toán, Lý, Anh",22.57
41005318,Khổng Văn Hiệp,10A3,biology,0.6194,english,0.6187,final_counseling_results_pseudo_label,D13,"Văn, Sinh, Anh",22.67,B03,"Toán, Sinh, Văn",22.17,D01,"Toán, Văn, Anh",21.97,B08,"Toán, Sinh, Anh",21.6
39366693,Trần Đoàn Hiệp,10A3,english,0.6593,physics,0.6218,final_counseling_results_pseudo_label,D11,"Văn, Lý, Anh",22.6,D01,"Toán, Văn, Anh",22.27,C01,"Văn, Toán, Lý",21.87,A01,"Toán, Lý, Anh",21.37
39547017,Nguyễn Đình Hùng,10A3,english,0.6701,biology,0.6626,final_counseling_results_pseudo_label,D13,"Văn, Sinh, Anh",23.53,B03,"Toán, Sinh, Văn",22.6,D01,"Toán, Văn, Anh",22.43,B08,"Toán, Sinh, Anh",22.33
39545740,Lê Thị Hương,10A3,biology,0.6516,english,0.6157,final_counseling_results_pseudo_label,D13,"Văn, Sinh, Anh",23.47,B03,"Toán, Sinh, Văn",22.57,B08,"Toán, Sinh, Anh",22.37,D08,"Toán, Sinh, Anh",22.37
39336772,Lưu Quốc Khánh,10A3,biology,0.6483,geography,0.6337,final_counseling_results_pseudo_label,B03,"Toán, Sinh, Văn",22.67,C04,"Văn, Toán, Địa",22.6,B02,"Toán, Sinh, Địa",22.17,,,
39336917,Nguyễn Huy Khôi,10A3,english,0.6261,biology,0.6209,final_counseling_results_pseudo_label,D13,"Văn, Sinh, Anh",22.73,D01,"Toán, Văn, Anh",21.73,B03,"Toán, Sinh, Văn",21.7,B08,"Toán, Sinh, Anh",21.33
39336776,Nguyễn Trung Kiên,10A3,biology,0.6324,informatics,0.5975,final_counseling_results_pseudo_label,B03,"Toán, Sinh, Văn",23.2,X02,"Toán, Văn, Tin học",23.17,X14,"Toán, Sinh, Tin học",22.43,,,
39366842,Đặng Thị Mai Lan,10A3,informatics,0.67,english,0.6671,final_counseling_results_pseudo_label,X02,"Toán, Văn, Tin học",22.4,X26,"Toán, Anh, Tin học",22.07,D01,"Toán, Văn, Anh",22.03,,,
39336714,Kiều Thị Ngọc Lan,10A3,english,0.6879,biology,0.6329,final_counseling_results_pseudo_label,D13,"Văn, Sinh, Anh",24.4,B03,"Toán, Sinh, Văn",22.9,B08,"Toán, Sinh, Anh",22.9,D01,"Toán, Văn, Anh",22.9
48423108,Nguyễn Bảo Linh,10A3,biology,0.6786,geography,0.6348,final_counseling_results_pseudo_label,B03,"Toán, Sinh, Văn",24.0,C04,"Văn, Toán, Địa",23.63,B02,"Toán, Sinh, Địa",23.4,,,
39557782,Nguyễn Nhật Linh,10A3,biology,0.6575,geography,0.6403,final_counseling_results_pseudo_label,B03,"Toán, Sinh, Văn",23.1,C04,"Văn, Toán, Địa",22.73,B02,"Toán, Sinh, Địa",22.6,,,
35584824,Nguyễn Tuấn Linh,10A3,biology,0.6748,english,0.6623,final_counseling_results_pseudo_label,B03,"Toán, Sinh, Văn",24.47,D13,"Văn, Sinh, Anh",24.47,D01,"Toán, Văn, Anh",24.43,B08,"Toán, Sinh, Anh",24.33
39366850,Trần Thị Hoài Linh,10A3,english,0.6565,biology,0.6522,final_counseling_results_pseudo_label,D13,"Văn, Sinh, Anh",23.97,B03,"Toán, Sinh, Văn",23.1,B08,"Toán, Sinh, Anh",23.07,D08,"Toán, Sinh, Anh",23.07
39366860,Lê Đăng Mạnh,10A3,english,0.6437,biology,0.6396,final_counseling_results_pseudo_label,D13,"Văn, Sinh, Anh",23.53,B03,"Toán, Sinh, Văn",22.8,D01,"Toán, Văn, Anh",22.7,B08,"Toán, Sinh, Anh",22.17
39366864,Trần Quang Minh,10A3,english,0.664,informatics,0.6494,final_counseling_results_pseudo_label,X02,"Toán, Văn, Tin học",23.87,X26,"Toán, Anh, Tin học",23.73,D01,"Toán, Văn, Anh",23.67,,,
39336845,Nguyễn Thị Huyền My,10A3,english,0.6684,geography,0.6543,final_counseling_results_pseudo_label,D15,"Văn, Địa, Anh",25.17,D10,"Toán, Địa, Anh",24.67,C04,"Văn, Toán, Địa",24.53,D01,"Toán, Văn, Anh",24.53
39336972,Lưu Thúy Nga,10A3,biology,0.67,english,0.639,final_counseling_results_pseudo_label,D13,"Văn, Sinh, Anh",24.27,B03,"Toán, Sinh, Văn",22.67,D01,"Toán, Văn, Anh",21.9,B08,"Toán, Sinh, Anh",21.87
41005355,Nguyễn Trung Nguyên,10A3,english,0.6838,biology,0.6591,final_counseling_results_pseudo_label,D13,"Văn, Sinh, Anh",23.87,B03,"Toán, Sinh, Văn",22.43,D01,"Toán, Văn, Anh",22.37,B08,"Toán, Sinh, Anh",22.33
39336783,Lưu Xuân Mai,10A3,geography,0.6767,biology,0.6752,final_counseling_results_pseudo_label,B02,"Toán, Sinh, Địa",23.73,B03,"Toán, Sinh, Văn",23.47,C04,"Văn, Toán, Địa",23.43,,,
48423113,Trần Khánh Nguyên,10A3,english,0.7196,biology,0.6549,final_counseling_results_pseudo_label,D13,"Văn, Sinh, Anh",25.13,D01,"Toán, Văn, Anh",24.0,B03,"Toán, Sinh, Văn",23.53,B08,"Toán, Sinh, Anh",23.43
39559376,Nguyễn Thị Hải Nguyệt,10A3,informatics,0.6689,biology,0.6529,final_counseling_results_pseudo_label,X02,"Toán, Văn, Tin học",22.73,X14,"Toán, Sinh, Tin học",22.6,B03,"Toán, Sinh, Văn",22.37,,,
39547024,Đặng Long Nhật,10A3,biology,0.6416,english,0.6321,final_counseling_results_pseudo_label,D13,"Văn, Sinh, Anh",23.57,B03,"Toán, Sinh, Văn",22.6,D01,"Toán, Văn, Anh",22.23,B08,"Toán, Sinh, Anh",22.1
48424284,Trần Văn Nhật,10A3,biology,0.6605,english,0.6451,final_counseling_results_pseudo_label,D13,"Văn, Sinh, Anh",24.3,B03,"Toán, Sinh, Văn",23.37,D01,"Toán, Văn, Anh",23.27,B08,"Toán, Sinh, Anh",23.17
39061313,Nguyễn Yến Nhi,10A3,informatics,0.6736,biology,0.6603,final_counseling_results_pseudo_label,X02,"Toán, Văn, Tin học",23.8,X14,"Toán, Sinh, Tin học",23.6,B03,"Toán, Sinh, Văn",23.37,,,
39336721,Nguyễn Yến Nhi,10A3,english,0.6981,informatics,0.6966,final_counseling_results_pseudo_label,X26,"Toán, Anh, Tin học",24.63,X02,"Toán, Văn, Tin học",24.53,D01,"Toán, Văn, Anh",24.23,,,
39336850,Nguyễn Lưu Minh Phương,10A3,biology,0.6667,english,0.6547,final_counseling_results_pseudo_label,D13,"Văn, Sinh, Anh",24.43,B03,"Toán, Sinh, Văn",24.33,D01,"Toán, Văn, Anh",24.13,B08,"Toán, Sinh, Anh",23.8
39336885,Lưu Thị Phượng,10A3,informatics,0.6641,biology,0.6581,final_counseling_results_pseudo_label,X02,"Toán, Văn, Tin học",22.97,B03,"Toán, Sinh, Văn",22.87,X14,"Toán, Sinh, Tin học",22.7,,,
39366889,Lê Bảo Quốc,10A3,biology,0.6427,english,0.5993,final_counseling_results_pseudo_label,D13,"Văn, Sinh, Anh",23.1,B03,"Toán, Sinh, Văn",22.63,D01,"Toán, Văn, Anh",22.2,B08,"Toán, Sinh, Anh",21.47
39336852,Nguyễn Thị Hồng Quyên,10A3,informatics,0.6918,geography,0.666,final_counseling_results_pseudo_label,X02,"Toán, Văn, Tin học",25.23,X22,"Toán, Địa, Tin học",24.97,C04,"Văn, Toán, Địa",24.6,,,
39366755,Nguyễn Văn Quý,10A3,english,0.6956,biology,0.6934,final_counseling_results_pseudo_label,D13,"Văn, Sinh, Anh",24.4,B08,"Toán, Sinh, Anh",23.7,D08,"Toán, Sinh, Anh",23.7,B03,"Toán, Sinh, Văn",23.47
48423115,Trần Thị Thùy,10A3,english,0.6841,biology,0.6664,final_counseling_results_pseudo_label,D13,"Văn, Sinh, Anh",25.97,B03,"Toán, Sinh, Văn",24.67,D01,"Toán, Văn, Anh",24.57,B08,"Toán, Sinh, Anh",24.4
39336889,Vũ Thị Anh Thư,10A3,biology,0.6824,english,0.6643,final_counseling_results_pseudo_label,D13,"Văn, Sinh, Anh",24.13,B03,"Toán, Sinh, Văn",23.1,B08,"Toán, Sinh, Anh",22.73,D08,"Toán, Sinh, Anh",22.73
39336813,Nguyễn Thị Thuỷ Tiên,10A3,english,0.6992,informatics,0.6515,final_counseling_results_pseudo_label,D01,"Toán, Văn, Anh",24.13,X26,"Toán, Anh, Tin học",23.8,X02,"Toán, Văn, Tin học",23.73,,,
48423120,Trần Thị Trang,10A3,informatics,0.6756,biology,0.6505,final_counseling_results_pseudo_label,X02,"Toán, Văn, Tin học",25.1,B03,"Toán, Sinh, Văn",24.63,X14,"Toán, Sinh, Tin học",24.37,,,
39366774,Trần Bảo Trâm,10A3,english,0.7163,biology,0.6652,final_counseling_results_pseudo_label,D13,"Văn, Sinh, Anh",25.0,D01,"Toán, Văn, Anh",23.8,B08,"Toán, Sinh, Anh",23.67,D08,"Toán, Sinh, Anh",23.67
48423091,Nguyễn Thị Mai Anh,10A4,chemistry,0.6545,english,0.6414,final_counseling_results_pseudo_label,D12,"Văn, Hóa, Anh",24.23,C02,"Văn, Toán, Hóa",23.17,D01,"Toán, Văn, Anh",22.9,D07,"Toán, Hóa, Anh",22.6
39366799,Nguyễn Tuấn Anh,10A4,english,0.6391,chemistry,0.6276,final_counseling_results_pseudo_label,D12,"Văn, Hóa, Anh",22.97,C02,"Văn, Toán, Hóa",21.57,D01,"Toán, Văn, Anh",21.33,D07,"Toán, Hóa, Anh",21.33
48423092,Lê Ngọc Ánh,10A4,chemistry,0.6568,geography,0.6274,final_counseling_results_pseudo_label,C11,"Văn, Địa, Hóa",24.13,C02,"Văn, Toán, Hóa",23.97,C04,"Văn, Toán, Địa",23.97,A06,"Toán, Hóa, Địa",23.73
44652470,Nguyễn Gia Bảo,10A4,chemistry,0.6056,informatics,0.5998,final_counseling_results_pseudo_label,C02,"Văn, Toán, Hóa",22.13,X02,"Toán, Văn, Tin học",21.7,X10,"Toán, Hóa, Tin học",21.43,,,
39336744,Nguyễn Gia Bảo,10A4,english,0.6187,chemistry,0.5881,final_counseling_results_pseudo_label,D12,"Văn, Hóa, Anh",22.27,D01,"Toán, Văn, Anh",20.97,C02,"Văn, Toán, Hóa",20.9,D07,"Toán, Hóa, Anh",20.57
39336864,Nguyễn Duy Bình,10A4,english,0.6386,informatics,0.6102,final_counseling_results_pseudo_label,X02,"Toán, Văn, Tin học",21.7,D01,"Toán, Văn, Anh",21.6,X26,"Toán, Anh, Tin học",21.6,,,
39336905,Nguyễn Đức Doanh,10A4,chemistry,0.6082,english,0.5761,final_counseling_results_pseudo_label,D12,"Văn, Hóa, Anh",21.27,C02,"Văn, Toán, Hóa",20.93,D07,"Toán, Hóa, Anh",20.7,D01,"Toán, Văn, Anh",20.4
39366685,Lê Anh Duy,10A4,physics,0.6054,informatics,0.6024,final_counseling_results_pseudo_label,X02,"Toán, Văn, Tin học",20.7,C01,"Văn, Toán, Lý",20.5,X06,"Toán, Lý, Tin học",19.9,,,
40710703,Lê Mạnh Dũng,10A4,chemistry,0.6185,informatics,0.5953,final_counseling_results_pseudo_label,C02,"Văn, Toán, Hóa",20.43,X02,"Toán, Văn, Tin học",20.23,X10,"Toán, Hóa, Tin học",20.2,,,
35584873,Nguyễn Tiến Dũng,10A4,chemistry,0.6534,english,0.6172,final_counseling_results_pseudo_label,D12,"Văn, Hóa, Anh",22.47,C02,"Văn, Toán, Hóa",22.0,D07,"Toán, Hóa, Anh",21.87,D01,"Toán, Văn, Anh",21.27
39336907,Nguyễn Tiến Dũng,10A4,geography,0.6226,chemistry,0.6136,final_counseling_results_pseudo_label,C02,"Văn, Toán, Hóa",23.1,C11,"Văn, Địa, Hóa",23.0,C04,"Văn, Toán, Địa",22.7,A06,"Toán, Hóa, Địa",22.2
35092470,Bùi Quang Định,10A4,english,0.6439,chemistry,0.6039,final_counseling_results_pseudo_label,D12,"Văn, Hóa, Anh",23.23,C02,"Văn, Toán, Hóa",22.13,D01,"Toán, Văn, Anh",21.87,D07,"Toán, Hóa, Anh",21.57
41005378,Lương Duy Đông,10A4,informatics,0.6374,chemistry,0.6197,final_counseling_results_pseudo_label,X02,"Toán, Văn, Tin học",21.67,X10,"Toán, Hóa, Tin học",21.67,C02,"Văn, Toán, Hóa",21.23,,,
41005314,Lương Minh Đức,10A4,chemistry,0.6456,geography,0.6343,final_counseling_results_pseudo_label,C11,"Văn, Địa, Hóa",22.33,C02,"Văn, Toán, Hóa",21.83,C04,"Văn, Toán, Địa",21.73,A06,"Toán, Hóa, Địa",21.4
39559326,Ngô Thị Hồng Hạnh,10A4,chemistry,0.6673,informatics,0.6122,final_counseling_results_pseudo_label,X10,"Toán, Hóa, Tin học",21.47,C02,"Văn, Toán, Hóa",21.43,X02,"Toán, Văn, Tin học",20.97,,,
35092471,Trần Huy Hoàng,10A4,english,0.6274,geography,0.6131,final_counseling_results_pseudo_label,D15,"Văn, Địa, Anh",21.83,C04,"Văn, Toán, Địa",20.3,D01,"Toán, Văn, Anh",20.23,D10,"Toán, Địa, Anh",20.03
39336960,Nguyễn Doãn Huy,10A4,chemistry,0.6662,english,0.6145,final_counseling_results_pseudo_label,D12,"Văn, Hóa, Anh",22.93,C02,"Văn, Toán, Hóa",22.03,D07,"Toán, Hóa, Anh",21.7,D01,"Toán, Văn, Anh",21.53
39545738,Nguyễn Quang Huy,10A4,chemistry,0.6349,english,0.6224,final_counseling_results_pseudo_label,D12,"Văn, Hóa, Anh",22.7,C02,"Văn, Toán, Hóa",21.77,D07,"Toán, Hóa, Anh",21.77,D01,"Toán, Văn, Anh",21.47
48423103,Nguyễn Thanh Huyền,10A4,english,0.6627,chemistry,0.6497,final_counseling_results_pseudo_label,D12,"Văn, Hóa, Anh",23.73,D07,"Toán, Hóa, Anh",22.53,C02,"Văn, Toán, Hóa",22.3,D01,"Toán, Văn, Anh",22.23
35584883,Đỗ Thị Lan Hương,10A4,chemistry,0.653,informatics,0.6492,final_counseling_results_pseudo_label,C02,"Văn, Toán, Hóa",22.07,X10,"Toán, Hóa, Tin học",21.9,X02,"Toán, Văn, Tin học",21.57,,,
39336767,Nguyễn Thị Lan Hương,10A4,chemistry,0.6534,biology,0.6491,final_counseling_results_pseudo_label,C08,"Văn, Hóa, Sinh",24.07,B00,"Toán, Hóa, Sinh",22.87,C02,"Văn, Toán, Hóa",22.4,B03,"Toán, Sinh, Văn",22.37
35584822,Phạm Duy Lăng,10A4,chemistry,0.6461,english,0.6327,final_counseling_results_pseudo_label,D12,"Văn, Hóa, Anh",22.67,D07,"Toán, Hóa, Anh",21.6,C02,"Văn, Toán, Hóa",21.13,D01,"Toán, Văn, Anh",20.7
48423109,Nguyễn Việt Long,10A4,chemistry,0.6551,informatics,0.6151,final_counseling_results_pseudo_label,C02,"Văn, Toán, Hóa",22.43,X10,"Toán, Hóa, Tin học",22.23,X02,"Toán, Văn, Tin học",22.17,,,
39547021,Đặng Tiến Lợi,10A4,chemistry,0.6574,english,0.6477,final_counseling_results_pseudo_label,D12,"Văn, Hóa, Anh",23.3,C02,"Văn, Toán, Hóa",22.6,D07,"Toán, Hóa, Anh",22.53,D01,"Toán, Văn, Anh",22.37
48423110,Nguyễn Lê Hường Ly,10A4,informatics,0.6429,english,0.639,final_counseling_results_pseudo_label,X02,"Toán, Văn, Tin học",24.13,D01,"Toán, Văn, Anh",23.8,X26,"Toán, Anh, Tin học",23.6,,,
39366725,Trần Xuân Mai,10A4,chemistry,0.6271,english,0.6248,final_counseling_results_pseudo_label,D12,"Văn, Hóa, Anh",22.73,D07,"Toán, Hóa, Anh",21.8,C02,"Văn, Toán, Hóa",21.77,D01,"Toán, Văn, Anh",21.4
35092436,Lưu Diệp Minh,10A4,biology,0.6341,english,0.6333,final_counseling_results_pseudo_label,D13,"Văn, Sinh, Anh",23.63,B03,"Toán, Sinh, Văn",22.4,D01,"Toán, Văn, Anh",21.9,B08,"Toán, Sinh, Anh",21.37
39363591,Nguyễn Duy Nam,10A4,chemistry,0.6504,english,0.6334,final_counseling_results_pseudo_label,D12,"Văn, Hóa, Anh",22.47,C02,"Văn, Toán, Hóa",21.73,D07,"Toán, Hóa, Anh",21.7,D01,"Toán, Văn, Anh",21.1
35092272,Trần Hoàng Nam,10A4,english,0.6722,chemistry,0.6552,final_counseling_results_pseudo_label,D12,"Văn, Hóa, Anh",23.8,D07,"Toán, Hóa, Anh",22.1,D01,"Toán, Văn, Anh",22.07,C02,"Văn, Toán, Hóa",21.93
39336881,Nguyễn Ánh Ngọc,10A4,chemistry,0.6612,english,0.6187,final_counseling_results_pseudo_label,D12,"Văn, Hóa, Anh",23.0,C02,"Văn, Toán, Hóa",22.67,D07,"Toán, Hóa, Anh",22.3,D01,"Toán, Văn, Anh",22.03
39336886,Nguyễn Minh Quyết,10A4,informatics,0.6259,english,0.6244,final_counseling_results_pseudo_label,X02,"Toán, Văn, Tin học",21.77,D01,"Toán, Văn, Anh",21.3,X26,"Toán, Anh, Tin học",21.23,,,
39557789,Hoàng Thúy Quỳnh,10A4,chemistry,0.6781,english,0.6446,final_counseling_results_pseudo_label,D12,"Văn, Hóa, Anh",24.03,C02,"Văn, Toán, Hóa",23.3,D07,"Toán, Hóa, Anh",22.8,D01,"Toán, Văn, Anh",22.77
48423116,Lê Anh Thư,10A4,chemistry,0.6378,english,0.6059,final_counseling_results_pseudo_label,D12,"Văn, Hóa, Anh",23.53,C02,"Văn, Toán, Hóa",22.47,D01,"Toán, Văn, Anh",21.73,D07,"Toán, Hóa, Anh",21.07
39336855,Nguyễn Ngọc Tiến,10A4,chemistry,0.6473,english,0.6371,final_counseling_results_pseudo_label,D12,"Văn, Hóa, Anh",22.4,D07,"Toán, Hóa, Anh",22.0,C02,"Văn, Toán, Hóa",21.83,D01,"Toán, Văn, Anh",21.07
39547037,Lê Thùy Trang,10A4,english,0.641,chemistry,0.6289,final_counseling_results_pseudo_label,D12,"Văn, Hóa, Anh",23.33,C02,"Văn, Toán, Hóa",21.97,D07,"Toán, Hóa, Anh",21.9,D01,"Toán, Văn, Anh",21.7
41005365,Nguyễn Thị Thùy Trang,10A4,english,0.6426,chemistry,0.6002,final_counseling_results_pseudo_label,D12,"Văn, Hóa, Anh",23.03,D01,"Toán, Văn, Anh",21.77,C02,"Văn, Toán, Hóa",21.67,D07,"Toán, Hóa, Anh",21.23
40656029,Nguyễn Đức Trí,10A4,english,0.62,chemistry,0.6079,final_counseling_results_pseudo_label,D12,"Văn, Hóa, Anh",21.43,D07,"Toán, Hóa, Anh",20.8,C02,"Văn, Toán, Hóa",20.3,D01,"Toán, Văn, Anh",20.27
48424293,Đặng Quốc Trung,10A4,chemistry,0.6259,geography,0.6111,final_counseling_results_pseudo_label,C11,"Văn, Địa, Hóa",22.4,C02,"Văn, Toán, Hóa",21.47,A06,"Toán, Hóa, Địa",21.4,C04,"Văn, Toán, Địa",21.33
41005367,Dương Phương Vy,10A4,english,0.6309,chemistry,0.6192,final_counseling_results_pseudo_label,D12,"Văn, Hóa, Anh",22.87,C02,"Văn, Toán, Hóa",21.77,D07,"Toán, Hóa, Anh",21.77,D01,"Toán, Văn, Anh",21.5
48423121,Nguyễn Khánh Vy,10A4,english,0.6511,chemistry,0.6365,final_counseling_results_pseudo_label,D12,"Văn, Hóa, Anh",23.1,C02,"Văn, Toán, Hóa",22.03,D07,"Toán, Hóa, Anh",21.87,D01,"Toán, Văn, Anh",21.6
39366793,Đỗ Tiến Anh,10A5,chemistry,0.6024,english,0.5988,final_counseling_results_pseudo_label,D01,"Toán, Văn, Anh",21.1,C02,"Văn, Toán, Hóa",21.03,D07,"Toán, Hóa, Anh",20.53,D12,"Văn, Hóa, Anh",20.53
41005371,Đỗ Tuấn Anh,10A5,english,0.5805,chemistry,0.5422,final_counseling_results_pseudo_label,D12,"Văn, Hóa, Anh",18.73,D01,"Toán, Văn, Anh",17.63,C02,"Văn, Toán, Hóa",17.43,D07,"Toán, Hóa, Anh",17.1
39336740,Nguyễn Văn Tuấn Anh,10A5,english,0.639,informatics,0.6219,final_counseling_results_pseudo_label,D01,"Toán, Văn, Anh",21.63,X02,"Toán, Văn, Tin học",21.6,X26,"Toán, Anh, Tin học",21.53,,,
39559355,Tô Thị Lan Anh,10A5,english,0.6269,chemistry,0.6114,final_counseling_results_pseudo_label,D12,"Văn, Hóa, Anh",21.3,D01,"Toán, Văn, Anh",20.73,C02,"Văn, Toán, Hóa",20.63,D07,"Toán, Hóa, Anh",20.53
39336908,Nguyễn Văn Hải Duy,10A5,chemistry,0.6247,geography,0.5754,final_counseling_results_pseudo_label,C11,"Văn, Địa, Hóa",21.4,C02,"Văn, Toán, Hóa",20.77,A06,"Toán, Hóa, Địa",20.7,C04,"Văn, Toán, Địa",20.23
39336866,Đỗ Mạnh Dũng,10A5,chemistry,0.6268,english,0.6239,final_counseling_results_pseudo_label,D12,"Văn, Hóa, Anh",21.83,D01,"Toán, Văn, Anh",21.73,C02,"Văn, Toán, Hóa",21.67,D07,"Toán, Hóa, Anh",21.37
39336750,Đỗ Văn Dũng,10A5,english,0.6486,informatics,0.6132,final_counseling_results_pseudo_label,X26,"Toán, Anh, Tin học",21.8,D01,"Toán, Văn, Anh",21.67,X02,"Toán, Văn, Tin học",21.37,,,
39559316,Hoàng Mạnh Dũng,10A5,chemistry,0.6217,english,0.5872,final_counseling_results_pseudo_label,D12,"Văn, Hóa, Anh",22.13,C02,"Văn, Toán, Hóa",21.93,D01,"Toán, Văn, Anh",21.53,D07,"Toán, Hóa, Anh",20.9
39061695,Nguyễn Việt Dũng,10A5,chemistry,0.6114,english,0.5882,final_counseling_results_pseudo_label,C02,"Văn, Toán, Hóa",20.93,D12,"Văn, Hóa, Anh",20.93,D01,"Toán, Văn, Anh",20.87,D07,"Toán, Hóa, Anh",20.37
39336824,Dương Tùng Dương,10A5,chemistry,0.5973,informatics,0.5935,final_counseling_results_pseudo_label,C02,"Văn, Toán, Hóa",20.93,X02,"Toán, Văn, Tin học",20.93,X10,"Toán, Hóa, Tin học",20.63,,,
39366686,Lê Thế Đan,10A5,chemistry,0.5996,informatics,0.5823,final_counseling_results_pseudo_label,C02,"Văn, Toán, Hóa",21.17,X02,"Toán, Văn, Tin học",21.07,X10,"Toán, Hóa, Tin học",20.1,,,
35092303,Nguyễn Trường Đăng,10A5,chemistry,0.6033,informatics,0.596,final_counseling_results_pseudo_label,C02,"Văn, Toán, Hóa",21.0,X02,"Toán, Văn, Tin học",20.67,X10,"Toán, Hóa, Tin học",20.03,,,
35584842,Nguyễn Xuân Đức,10A5,informatics,0.6368,english,0.6337,final_counseling_results_pseudo_label,X02,"Toán, Văn, Tin học",21.63,D01,"Toán, Văn, Anh",21.43,X26,"Toán, Anh, Tin học",21.17,,,
39336953,Nguyễn Thị Quỳnh Giang,10A5,chemistry,0.6166,informatics,0.5983,final_counseling_results_pseudo_label,C02,"Văn, Toán, Hóa",20.9,X02,"Toán, Văn, Tin học",20.73,X10,"Toán, Hóa, Tin học",20.7,,,
39366816,Lê Huy Giáp,10A5,english,0.6902,chemistry,0.6331,final_counseling_results_pseudo_label,D12,"Văn, Hóa, Anh",22.33,D07,"Toán, Hóa, Anh",21.73,D01,"Toán, Văn, Anh",21.63,C02,"Văn, Toán, Hóa",21.3
39336956,Nguyễn Duy Hiếu,10A5,history,0.6246,english,0.6154,final_counseling_results_pseudo_label,D14,"Văn, Sử, Anh",21.33,D09,"Toán, Sử, Anh",20.7,D01,"Toán, Văn, Anh",20.63,C03,"Văn, Toán, Sử",20.43
39336914,Nguyễn Huy Hiếu,10A5,chemistry,0.6074,biology,0.5836,final_counseling_results_pseudo_label,C08,"Văn, Hóa, Sinh",21.83,B03,"Toán, Sinh, Văn",21.7,B00,"Toán, Hóa, Sinh",21.53,C02,"Văn, Toán, Hóa",21.43
48424272,Đỗ Thị Huệ,10A5,chemistry,0.6497,english,0.6169,final_counseling_results_pseudo_label,D12,"Văn, Hóa, Anh",22.3,D07,"Toán, Hóa, Anh",22.07,C02,"Văn, Toán, Hóa",21.67,D01,"Toán, Văn, Anh",21.57
35092479,Nguyễn Quang Huy,10A5,english,0.6402,chemistry,0.6047,final_counseling_results_pseudo_label,D12,"Văn, Hóa, Anh",22.3,D01,"Toán, Văn, Anh",21.97,C02,"Văn, Toán, Hóa",21.8,D07,"Toán, Hóa, Anh",21.73
39336766,Lưu Thị Khánh Huyền,10A5,english,0.6345,chemistry,0.6005,final_counseling_results_pseudo_label,D01,"Toán, Văn, Anh",21.9,D12,"Văn, Hóa, Anh",21.77,C02,"Văn, Toán, Hóa",21.5,D07,"Toán, Hóa, Anh",21.43
35092386,Nguyễn Tuấn Hùng,10A5,informatics,0.6366,chemistry,0.6171,final_counseling_results_pseudo_label,X02,"Toán, Văn, Tin học",22.7,X10,"Toán, Hóa, Tin học",22.53,C02,"Văn, Toán, Hóa",22.5,,,
35584848,Bùi Thúy Hường,10A5,chemistry,0.6195,informatics,0.6038,final_counseling_results_pseudo_label,X10,"Toán, Hóa, Tin học",21.1,X02,"Toán, Văn, Tin học",21.0,C02,"Văn, Toán, Hóa",20.7,,,
35584850,Dương Ngọc Linh,10A5,chemistry,0.6154,geography,0.5926,final_counseling_results_pseudo_label,C11,"Văn, Địa, Hóa",21.17,A06,"Toán, Hóa, Địa",20.9,C02,"Văn, Toán, Hóa",20.83,C04,"Văn, Toán, Địa",20.8
39559373,Thạch Thị Kiều Linh,10A5,chemistry,0.6227,english,0.6068,final_counseling_results_pseudo_label,D12,"Văn, Hóa, Anh",21.5,C02,"Văn, Toán, Hóa",20.97,D07,"Toán, Hóa, Anh",20.97,D01,"Toán, Văn, Anh",20.87
39336843,Nguyễn Thị Bích Loan,10A5,english,0.6155,chemistry,0.6132,final_counseling_results_pseudo_label,D12,"Văn, Hóa, Anh",21.77,C02,"Văn, Toán, Hóa",20.87,D01,"Toán, Văn, Anh",20.83,D07,"Toán, Hóa, Anh",20.83
39336844,Nguyễn Đăng Lượng,10A5,english,0.6824,chemistry,0.5661,final_counseling_results_pseudo_label,D12,"Văn, Hóa, Anh",22.07,D01,"Toán, Văn, Anh",21.73,D07,"Toán, Hóa, Anh",21.1,C02,"Văn, Toán, Hóa",20.4
48423111,Nguyễn Thị Ngọc Mai,10A5,chemistry,0.6286,english,0.6214,final_counseling_results_pseudo_label,D12,"Văn, Hóa, Anh",22.33,D01,"Toán, Văn, Anh",22.07,D07,"Toán, Hóa, Anh",21.97,C02,"Văn, Toán, Hóa",21.83
39366856,Vũ Thị Quỳnh Mai,10A5,chemistry,0.6015,geography,0.5992,final_counseling_results_pseudo_label,C11,"Văn, Địa, Hóa",22.13,C02,"Văn, Toán, Hóa",21.43,C04,"Văn, Toán, Địa",21.27,A06,"Toán, Hóa, Địa",21.07
39336789,Nguyễn Vũ Diễm My,10A5,english,0.6277,chemistry,0.5951,final_counseling_results_pseudo_label,D12,"Văn, Hóa, Anh",20.77,D01,"Toán, Văn, Anh",20.47,D07,"Toán, Hóa, Anh",20.2,C02,"Văn, Toán, Hóa",20.07
39336796,Đỗ Gia Nhật,10A5,chemistry,0.5784,informatics,0.557,final_counseling_results_pseudo_label,X02,"Toán, Văn, Tin học",19.17,C02,"Văn, Toán, Hóa",19.1,X10,"Toán, Hóa, Tin học",18.77,,,
39336805,Nguyễn Huy Phúc,10A5,chemistry,0.6316,informatics,0.6099,final_counseling_results_pseudo_label,C02,"Văn, Toán, Hóa",21.57,X02,"Toán, Văn, Tin học",21.5,X10,"Toán, Hóa, Tin học",21.3,,,
40710724,Nguyễn Thái Sơn,10A5,chemistry,0.6033,english,0.5635,final_counseling_results_pseudo_label,C02,"Văn, Toán, Hóa",21.87,D12,"Văn, Hóa, Anh",21.73,D01,"Toán, Văn, Anh",21.53,D07,"Toán, Hóa, Anh",20.87
39366901,Trần Công Tấn,10A5,chemistry,0.6207,history,0.6019,final_counseling_results_pseudo_label,C02,"Văn, Toán, Hóa",21.63,C03,"Văn, Toán, Sử",21.27,A05,"Toán, Hóa, Sử",21.17,C10,"Văn, Sử, Hóa",21.13
39336888,Nguyễn Thị Thanh Thúy,10A5,chemistry,0.6508,english,0.6036,final_counseling_results_pseudo_label,D12,"Văn, Hóa, Anh",22.1,C02,"Văn, Toán, Hóa",21.7,D01,"Toán, Văn, Anh",21.27,D07,"Toán, Hóa, Anh",21.13
39336980,Nguyễn Thị Minh Trang,10A5,chemistry,0.6388,english,0.6314,final_counseling_results_pseudo_label,D12,"Văn, Hóa, Anh",21.57,D07,"Toán, Hóa, Anh",20.93,C02,"Văn, Toán, Hóa",20.73,D01,"Toán, Văn, Anh",20.57
40679643,Nguyễn Ngọc Tuấn,10A5,chemistry,0.5996,geography,0.5853,final_counseling_results_pseudo_label,C11,"Văn, Địa, Hóa",20.93,C04,"Văn, Toán, Địa",20.6,C02,"Văn, Toán, Hóa",20.5,A06,"Toán, Hóa, Địa",20.47
39366916,Trần Ngọc Tuấn,10A5,english,0.648,informatics,0.6256,final_counseling_results_pseudo_label,D01,"Toán, Văn, Anh",21.47,X02,"Toán, Văn, Tin học",21.47,X26,"Toán, Anh, Tin học",21.23,,,
41005369,Tạ Thị Hoàng Yến,10A5,english,0.6232,chemistry,0.6085,final_counseling_results_pseudo_label,D12,"Văn, Hóa, Anh",21.9,D01,"Toán, Văn, Anh",21.63,C02,"Văn, Toán, Hóa",21.43,D07,"Toán, Hóa, Anh",21.43
39336861,Nguyễn Lan Anh,10A6,english,0.7351,biology,0.6537,final_counseling_results_pseudo_label,D13,"Văn, Sinh, Anh",24.97,B08,"Toán, Sinh, Anh",24.93,D08,"Toán, Sinh, Anh",24.93,D01,"Toán, Văn, Anh",24.37
39366795,Nguyễn Ngô Nhật Anh,10A6,english,0.6573,biology,0.5965,final_counseling_results_pseudo_label,D13,"Văn, Sinh, Anh",21.23,B03,"Toán, Sinh, Văn",19.73,D01,"Toán, Văn, Anh",19.7,B08,"Toán, Sinh, Anh",19.63
35092378,Trần Tuấn Anh,10A6,english,0.6915,biology,0.609,final_counseling_results_pseudo_label,D13,"Văn, Sinh, Anh",22.87,D01,"Toán, Văn, Anh",21.93,B08,"Toán, Sinh, Anh",21.9,D08,"Toán, Sinh, Anh",21.9
39197827,Trần Gia Bảo,10A6,english,0.6619,biology,0.6383,final_counseling_results_pseudo_label,D01,"Toán, Văn, Anh",23.8,B08,"Toán, Sinh, Anh",23.7,D08,"Toán, Sinh, Anh",23.7,D13,"Văn, Sinh, Anh",23.67
39336945,Nguyễn Thị Huyền Diệu,10A6,english,0.6803,physics,0.6216,final_counseling_results_pseudo_label,D11,"Văn, Lý, Anh",22.93,A01,"Toán, Lý, Anh",22.7,D01,"Toán, Văn, Anh",22.63,C01,"Văn, Toán, Lý",21.83
35092345,Lê Việt Dũng,10A6,english,0.6585,informatics,0.6514,final_counseling_results_pseudo_label,X26,"Toán, Anh, Tin học",22.47,X02,"Toán, Văn, Tin học",22.37,D01,"Toán, Văn, Anh",22.13,,,
48423100,Nguyễn Tiến Đạt,10A6,english,0.7148,biology,0.6293,final_counseling_results_pseudo_label,D13,"Văn, Sinh, Anh",23.77,B08,"Toán, Sinh, Anh",23.17,D08,"Toán, Sinh, Anh",23.17,D01,"Toán, Văn, Anh",22.77
48424271,Nguyễn Thành Hiệp,10A6,english,0.6934,geography,0.6698,final_counseling_results_pseudo_label,D15,"Văn, Địa, Anh",24.43,D10,"Toán, Địa, Anh",23.4,C04,"Văn, Toán, Địa",22.9,D01,"Toán, Văn, Anh",22.77
40679625,Nguyễn Thị Hồng Hoa,10A6,english,0.7013,biology,0.6129,final_counseling_results_pseudo_label,D13,"Văn, Sinh, Anh",24.27,B08,"Toán, Sinh, Anh",22.93,D08,"Toán, Sinh, Anh",22.93,D01,"Toán, Văn, Anh",22.9
39336959,Hoàng Thu Hòa,10A6,english,0.7378,biology,0.5942,final_counseling_results_pseudo_label,D13,"Văn, Sinh, Anh",23.87,B08,"Toán, Sinh, Anh",22.77,D01,"Toán, Văn, Anh",22.77,D08,"Toán, Sinh, Anh",22.77
39366836,Đỗ Gia Huy,10A6,english,0.6726,biology,0.6259,final_counseling_results_pseudo_label,D13,"Văn, Sinh, Anh",23.97,D01,"Toán, Văn, Anh",23.17,B08,"Toán, Sinh, Anh",23.0,D08,"Toán, Sinh, Anh",23.0
39366708,Lê Xuân Huy,10A6,english,0.7009,informatics,0.6472,final_counseling_results_pseudo_label,D01,"Toán, Văn, Anh",22.73,X26,"Toán, Anh, Tin học",22.53,X02,"Toán, Văn, Tin học",22.3,,,
39195218,Đỗ Duy Khánh,10A6,english,0.6892,biology,0.6071,final_counseling_results_pseudo_label,D13,"Văn, Sinh, Anh",23.53,D01,"Toán, Văn, Anh",22.27,B08,"Toán, Sinh, Anh",22.23,D08,"Toán, Sinh, Anh",22.23
41005386,Đỗ Anh Khoa,10A6,english,0.72,biology,0.6523,final_counseling_results_pseudo_label,D13,"Văn, Sinh, Anh",23.3,B08,"Toán, Sinh, Anh",22.67,D08,"Toán, Sinh, Anh",22.67,D01,"Toán, Văn, Anh",22.03
35584886,Dương Mỹ Lệ,10A6,english,0.7251,biology,0.6189,final_counseling_results_pseudo_label,D13,"Văn, Sinh, Anh",24.97,B08,"Toán, Sinh, Anh",23.8,D08,"Toán, Sinh, Anh",23.8,D01,"Toán, Văn, Anh",23.7
35092393,Đường Mai Linh,10A6,english,0.7197,biology,0.6374,final_counseling_results_pseudo_label,D13,"Văn, Sinh, Anh",24.07,B08,"Toán, Sinh, Anh",23.0,D08,"Toán, Sinh, Anh",23.0,D01,"Toán, Văn, Anh",22.1
35092422,Nguyễn Mai Loan,10A6,english,0.7319,biology,0.6496,final_counseling_results_pseudo_label,D13,"Văn, Sinh, Anh",24.7,B08,"Toán, Sinh, Anh",23.5,D08,"Toán, Sinh, Anh",23.5,D01,"Toán, Văn, Anh",23.07
48424279,Lê Thành Long,10A6,english,0.7076,biology,0.6213,final_counseling_results_pseudo_label,D13,"Văn, Sinh, Anh",24.47,B08,"Toán, Sinh, Anh",23.37,D08,"Toán, Sinh, Anh",23.37,D01,"Toán, Văn, Anh",22.3
39336922,Nguyễn Thị Xuân Mai,10A6,english,0.6846,biology,0.586,final_counseling_results_pseudo_label,D13,"Văn, Sinh, Anh",23.37,B08,"Toán, Sinh, Anh",21.5,D08,"Toán, Sinh, Anh",21.5,D01,"Toán, Văn, Anh",21.27
40652363,Lưu Đức Mạnh,10A6,english,0.6913,biology,0.6158,final_counseling_results_pseudo_label,D13,"Văn, Sinh, Anh",23.27,D01,"Toán, Văn, Anh",21.73,B08,"Toán, Sinh, Anh",21.67,D08,"Toán, Sinh, Anh",21.67
35092399,Nguyễn Lê Trà My,10A6,english,0.7216,biology,0.6384,final_counseling_results_pseudo_label,D13,"Văn, Sinh, Anh",24.17,B08,"Toán, Sinh, Anh",23.77,D08,"Toán, Sinh, Anh",23.77,D01,"Toán, Văn, Anh",23.53
40710644,Trần Minh Nguyệt,10A6,english,0.7465,biology,0.5996,final_counseling_results_pseudo_label,D13,"Văn, Sinh, Anh",24.33,B08,"Toán, Sinh, Anh",23.53,D08,"Toán, Sinh, Anh",23.53,D01,"Toán, Văn, Anh",23.33
39366875,Trần Ngọc Nhật,10A6,english,0.7186,biology,0.6404,final_counseling_results_pseudo_label,D13,"Văn, Sinh, Anh",23.93,B08,"Toán, Sinh, Anh",22.97,D08,"Toán, Sinh, Anh",22.97,D01,"Toán, Văn, Anh",22.8
48424285,Lê Trần Công Phi,10A6,english,0.7139,biology,0.6394,final_counseling_results_pseudo_label,D13,"Văn, Sinh, Anh",24.23,D01,"Toán, Văn, Anh",23.23,B08,"Toán, Sinh, Anh",23.07,D08,"Toán, Sinh, Anh",23.07
40710680,Lê Thị Ngọc Phương,10A6,english,0.6961,geography,0.6362,final_counseling_results_pseudo_label,D15,"Văn, Địa, Anh",24.13,D10,"Toán, Địa, Anh",23.5,D01,"Toán, Văn, Anh",23.43,C04,"Văn, Toán, Địa",22.93
39336976,Nguyễn Ngọc Thu Phương,10A6,english,0.7165,informatics,0.6059,final_counseling_results_pseudo_label,D01,"Toán, Văn, Anh",22.9,X26,"Toán, Anh, Tin học",22.27,X02,"Toán, Văn, Tin học",21.83,,,
39336809,Nguyễn Đăng Quyết,10A6,english,0.7127,physics,0.6106,final_counseling_results_pseudo_label,D11,"Văn, Lý, Anh",23.2,D01,"Toán, Văn, Anh",22.43,A01,"Toán, Lý, Anh",21.8,C01,"Văn, Toán, Lý",21.47
39336938,Nguyễn Doãn Tiến,10A6,english,0.6743,biology,0.6243,final_counseling_results_pseudo_label,D13,"Văn, Sinh, Anh",23.43,B08,"Toán, Sinh, Anh",22.83,D08,"Toán, Sinh, Anh",22.83,D01,"Toán, Văn, Anh",22.6
39559382,Nguyễn Minh Tới,10A6,english,0.7001,biology,0.6155,final_counseling_results_pseudo_label,D13,"Văn, Sinh, Anh",23.57,D01,"Toán, Văn, Anh",22.13,B08,"Toán, Sinh, Anh",22.1,D08,"Toán, Sinh, Anh",22.1
35092469,Nguyễn Quỳnh Trang,10A6,english,0.6683,biology,0.6163,final_counseling_results_pseudo_label,D13,"Văn, Sinh, Anh",23.23,D01,"Toán, Văn, Anh",22.3,B08,"Toán, Sinh, Anh",21.93,D08,"Toán, Sinh, Anh",21.93
40710730,Nguyễn Thùy Trang,10A6,english,0.7471,biology,0.6221,final_counseling_results_pseudo_label,D13,"Văn, Sinh, Anh",24.83,B08,"Toán, Sinh, Anh",24.17,D08,"Toán, Sinh, Anh",24.17,D01,"Toán, Văn, Anh",24.03
35092326,Nguyễn Anh Tuấn,10A6,english,0.724,biology,0.676,final_counseling_results_pseudo_label,D13,"Văn, Sinh, Anh",24.33,B08,"Toán, Sinh, Anh",23.73,D08,"Toán, Sinh, Anh",23.73,B03,"Toán, Sinh, Văn",23.07
39545757,Hoàng Quốc Việt,10A6,english,0.7246,biology,0.6523,final_counseling_results_pseudo_label,D13,"Văn, Sinh, Anh",25.1,B08,"Toán, Sinh, Anh",24.8,D08,"Toán, Sinh, Anh",24.8,D01,"Toán, Văn, Anh",24.6
